effect:harkons-bite	Close match	effect:bark-like-skin	jb2a.shimmer.01.orange	psfx.impacts.magicaleffects.necrotic	Harkon's Bite: the bitten start to change.	Maybe	Maybe	1
effect:influence-over-lord-soth	Close match	effect:dominated	jb2a.markers.runes03.dark_black.03	psfx.impacts.magicaleffects.necrotic	Charm of the Black Rose: Soth listens, for now.	Likely	Maybe	0
effect:mark-of-sacrifice-removed	No proposed FX				A mark lifted — the absence is the point.
feature:charm-of-the-black-rose	Close match	effect:dominated	jb2a.markers.runes03.dark_black.03	psfx.impacts.magicaleffects.necrotic	Charm of the Black Rose: the rose is spent.	Likely	Maybe	0
feature:mark-of-beasts	Close match	effect:banished	jb2a.condition.curse.01.009.green	psfx.impacts.magicaleffects.necrotic	Mark of Beasts: the dark sign of claw marks.	Likely	Likely	0
feature:mark-of-obsession	Close match	effect:charmed	jb2a.condition.curse.01.007.purple	psfx.impacts.magicaleffects.psychic	Mark of Obsession: the target marked in the dark orb.	Likely	Likely	0
feature:mark-of-sacrifice	Close match	effect:banished	jb2a.condition.curse.01.005.red	psfx.impacts.magicaleffects.necrotic	Mark of Sacrifice: a skull run through, in a dark orb.	Likely	Likely	0
feature:mark-of-the-dread-lord	Close match	effect:banished	jb2a.condition.curse.01.006.purple	psfx.impacts.magicaleffects.necrotic	Mark of the Dread Lord: the fear sign — a burning grin in a dark orb.	Sure	Likely	3
item:animated-digits	No proposed FX				A Mist Talisman: a trinket with no rules of its own — all fifty-odd read the same.
item:ashes-of-a-corpse	No proposed FX				A Mist Talisman: a trinket with no rules of its own.
item:barovian-wine-bottle	No proposed FX				A Mist Talisman: a trinket with no rules of its own.
item:black-rose	No proposed FX				A Mist Talisman: a trinket with no rules of its own.
item:blood-faction-gear	No proposed FX				A Mist Talisman: a trinket with no rules of its own.
item:bloodstained-farm-implement	No proposed FX				A Mist Talisman: a trinket with no rules of its own.
item:broken-holy-symbol	No proposed FX				A Mist Talisman: a trinket with no rules of its own.
item:broken-jewelry	No proposed FX				A Mist Talisman: a trinket with no rules of its own.
item:burnt-armor	No proposed FX				A Mist Talisman: a trinket with no rules of its own.
item:canopic-jar	No proposed FX				A Mist Talisman: a trinket with no rules of its own.
item:coin-from-darkon	No proposed FX				A Mist Talisman: a trinket with no rules of its own.
item:death-mask	No proposed FX				A Mist Talisman: a trinket with no rules of its own.
item:displacer-beast-skin	No proposed FX				A Mist Talisman: a trinket with no rules of its own.
item:dram-of-sweet-smelling-poison	No proposed FX				A Mist Talisman: a trinket with no rules of its own.
item:dried-crown-of-white-camellias	No proposed FX				A Mist Talisman: a trinket with no rules of its own.
item:eye-of-hazlik-amulet	No proposed FX				A Mist Talisman: a trinket with no rules of its own.
item:faded-love-letter	No proposed FX				A Mist Talisman: a trinket with no rules of its own.
item:family-portrait	No proposed FX				A Mist Talisman: a trinket with no rules of its own.
item:feathered-mask	No proposed FX				A Mist Talisman: a trinket with no rules of its own.
item:flame-singed-love-letter	No proposed FX				A Mist Talisman: a trinket with no rules of its own.
item:glass-shoe	No proposed FX				A Mist Talisman: a trinket with no rules of its own.
item:glowing-minerals	No proposed FX				A Mist Talisman: a trinket with no rules of its own.
item:gold-shoe	No proposed FX				A Mist Talisman: a trinket with no rules of its own.
item:great-cthulhu-effigy	No proposed FX				A Mist Talisman: a trinket with no rules of its own.
item:gremishka-foot	No proposed FX				A Mist Talisman: a trinket with no rules of its own.
item:handbill	No proposed FX				A Mist Talisman: a trinket with no rules of its own.
item:harkons-bite	Close match	effect:bark-like-skin	jb2a.shimmer.01.orange	psfx.impacts.magicaleffects.necrotic	Harkon's Bite: the bitten start to change.	Maybe	Maybe	1
item:jeweled-mask	No proposed FX				A Mist Talisman: a trinket with no rules of its own.
item:lapis-lazuli-scarab	No proposed FX				A Mist Talisman: a trinket with no rules of its own.
item:letter-from-leka	No proposed FX				A Mist Talisman: a trinket with no rules of its own.
item:mark-of-the-raven-talisman	No proposed FX				A Mist Talisman: a trinket with no rules of its own.
item:poisonous-flower-blossom	No proposed FX				A Mist Talisman: a trinket with no rules of its own.
item:polished-skull	No proposed FX				A Mist Talisman: a trinket with no rules of its own.
item:preserved-humanoid-limb	No proposed FX				A Mist Talisman: a trinket with no rules of its own.
item:red-robe-scrap	No proposed FX				A Mist Talisman: a trinket with no rules of its own.
item:religious-relic	No proposed FX				A Mist Talisman: a trinket with no rules of its own.
item:rusted-tulwar	No proposed FX				A Mist Talisman: a trinket with no rules of its own.
item:rusty-foot-trap	No proposed FX				A Mist Talisman: a trinket with no rules of its own.
item:sahuagin-tooth-fishing-lure	No proposed FX				A Mist Talisman: a trinket with no rules of its own.
item:scrap-of-black-fabric	No proposed FX				A Mist Talisman: a trinket with no rules of its own.
item:scroll-of-hieroglyphics	No proposed FX				A Mist Talisman: a trinket with no rules of its own.
item:starmetal-amulet	No proposed FX				A Mist Talisman: a trinket with no rules of its own.
item:starmetal-rod	No proposed FX				A Mist Talisman: a trinket with no rules of its own.
item:straw-doll	No proposed FX				A Mist Talisman: a trinket with no rules of its own.
item:symbol-of-the-circle	No proposed FX				A Mist Talisman: a trinket with no rules of its own.
item:tainted-spring-water	No proposed FX				A Mist Talisman: a trinket with no rules of its own.
item:tarnished-signet-ring	No proposed FX				A Mist Talisman: a trinket with no rules of its own.
item:three-thorns	No proposed FX				A Mist Talisman: a trinket with no rules of its own.
item:unbreakable-heart	No proposed FX				A trinket with no rules of its own.
item:von-zarovich-crest	No proposed FX				A Mist Talisman: a trinket with no rules of its own.
item:wolfs-tooth-necklace	No proposed FX				A Mist Talisman: a trinket with no rules of its own.
item:woodcut-of-hunting-wolves	No proposed FX				A Mist Talisman: a trinket with no rules of its own.
item:worn-fine-clothing	No proposed FX				A Mist Talisman: a trinket with no rules of its own.
item:wyvern-and-lotus-shield	No proposed FX				A Mist Talisman: a trinket with no rules of its own.
item:zombie-flesh	No proposed FX				A Mist Talisman: a trinket with no rules of its own.
weapon:ebonbane	Close match	weapon:longsword	jb2a.sword.melee.fire.black	psfx.weapon-swooshes.necrotic.v1.group01	Ebonbane: the longsword swing in black.	Likely	Sure	1
natural:barb	Close match	natural:sting	jb2a.melee_generic.piercing.one_handed	psfx.impacts.slashing.v1	The nightgaunt's barb goes in.	Sure	Likely	9
natural:brain-rending-bite	Close match	natural:bite	jb2a.bite.400px.purple	psfx.impacts.magicaleffects.psychic	The death's head bites, and the mind goes.	Sure	Likely	5
natural:coagulated-nodule	Close match	natural:slam	jb2a.impact.004.dark_purple	psfx.impacts.bludgeoning.v1	The emissary's nodule lands.	Likely	Likely	16
natural:crushing-stone	Close match	natural:slam	jb2a.impact.004.orange	psfx.impacts.bludgeoning.v1	The juggernaut brings the stone down.	Likely	Sure	16
natural:dreadful-swipe	Close match	natural:claws	jb2a.claws.400px.bright_green	psfx.impacts.magicaleffects.necrotic	The reanimated companion rakes.	Sure	Likely	2
natural:fiery-skull	Close match	natural:slam	jb2a.impact.fire.01.orange	psfx.casting.fire.001	The dullahan throws its burning head.	Likely	Likely	0
natural:forsaken-brand	Close match	weapon:longsword	jb2a.sword.melee.fire.green	psfx.weapon-swooshes.necrotic.v1.group01	Soth's brand: the blade burns green.	Sure	Sure	1
natural:lashing-maw	Close match	natural:bite	jb2a.bite.400px.green	psfx.cantrips.acid-splash.v1	The emissary's maw comes down.	Sure	Sure	5
natural:lightning-rod	Close match	natural:slam	jb2a.chain_lightning.primary.blue	psfx.weapon-swooshes.lightning.v1.group01	Mordenheim's rod throws a bolt of lightning at the target.	Likely	Likely	6
natural:necrotic-bolt	Close match	spell:magic-missile	jb2a.spell_projectile.skull.pinkpurple	psfx.impacts.magicaleffects.necrotic	The priest of Osybus throws a bolt of the grave.	Sure	Likely	0
natural:phantasmic-assault	Close match	spell:magic-missile	jb2a.impact_themed.skull.pinkpurple	psfx.impacts.magicaleffects.psychic	The horror strikes at the mind.	Likely	Likely	0
natural:radiant-wisp	Close match	spell:guiding-bolt	jb2a.guiding_bolt.01.yellow	psfx.class-features.divine-smite.v1.001.target	A radiant wisp streaks out and bursts in light.	Likely	Likely	2
natural:ravenous-bites	Close match	natural:bite	jb2a.bite.200px.red	psfx.impacts.slashing.v1	The swarm bites everything in reach.	Sure	Likely	0
natural:rotten-flesh	Close match	natural:slam	jb2a.impact.004.green	psfx.impacts.magicaleffects.necrotic	The swarm of limbs lands on you.	Likely	Likely	16
natural:soothing-tentacle	Close match	natural:tentacle	jb2a.black_tentacles.dark_purple	psfx.impacts.magicaleffects.psychic	The elder thing's tentacle touches.	Maybe	Likely	3
natural:toxic-touch	Close match	effect:lingering-acid	jb2a.side_impact.part.slow.poison.greenyellow	psfx.cantrips.poison-spray.v1	Ivana's touch is poison: hazard signs drift off the target.	Likely	Sure	0
natural:vine	Close match	effect:ensnared	jb2a.vine.loop.nature.group.01.green	psfx.1st-level-spells.entangle.vines.v1.001.intro	The bodytaker's vine bursts up and coils round the target.	Sure	Sure	0
item:adventurers-ring	No proposed FX				A ring with no combat moment — nothing to play.
item:bandore	Close match	spell:bless	jb2a.music_notations.treble_clef.blue	psfx.musical-instruments.lute.01.strummed-tremolo.keyOfA.A6	A bandore played.	Sure	Sure	0
item:black-coach-service	No proposed FX				A service bought, not an item used — nothing to play.
item:bright-fungal-cloak	Close match	spell:light	jb2a.markers.light.complete.green	psfx.cantrips.light.v1.001	The fungal cloak glows.	Sure	Likely	8
item:cittern	Close match	spell:bless	jb2a.music_notations.treble_clef.blue	psfx.musical-instruments.lute.01.strummed-tremolo.keyOfC.C6	A cittern played.	Sure	Sure	0
item:covered-wagon	No proposed FX				Mundane gear — nothing to play.
item:desert-clothing	No proposed FX				Clothing — nothing to play.
item:devil-mask	No proposed FX				Clothing — nothing to play.
item:domestic-wonder	No proposed FX				A passive benefit — no moment to play.			
item:garb-of-light-and-shadow	No proposed FX				Clothing — nothing to play.
item:genie-robe	No proposed FX				Clothing — nothing to play.
item:locking-spellbook	No proposed FX				A book that locks — nothing to play.
item:mechanical-wonder	No proposed FX				A passive benefit — no moment to play.			
item:monster-camouflage	No proposed FX				A disguise — nothing to play.
item:sled-services	No proposed FX				A service bought, not an item used — nothing to play.
item:thayan-spell-tattoo	Close match	spell:mage-armor	jb2a.magic_signs.rune.02.complete.01.red	psfx.magic-signs.rune.v1.evocation.intro	A Thayan spell tattoo burns as its spell goes off.	Likely	Likely	0
item:warm-fungal-clothing	No proposed FX				Clothing — nothing to play.
item:windskiff	Close match	effect:flight	jb2a.wind_lines.01.01.white	psfx.cantrips.gust.v1	The windskiff takes off.	Likely	Sure	0
item:winter-camouflage	No proposed FX				Clothing — nothing to play.
item:yarting	Close match	spell:bless	jb2a.music_notations.treble_clef.blue	psfx.musical-instruments.lute.01.strummed-tremolo.keyOfF.F6	A yarting played.	Sure	Sure	0
effect:boots-of-elvenkind	No proposed FX				Worn, always on — no moment to play.
effect:cloak-of-elvenkind	No proposed FX				Always on while it is worn or known — no moment to play.			
effect:free-action	No proposed FX				Worn, always on — no moment to play.
effect:ignore-difficult-terrain	No proposed FX				A mount's footing — no moment to play.
effect:robe-of-stars	No proposed FX				Always on while it is worn or known — no moment to play.			
effect:staff-of-power	No proposed FX				Always on while it is worn or known — no moment to play.			
effect:water-focus	No proposed FX				Always on while it is worn or known — no moment to play.			
effect:winter-strider	No proposed FX				Worn, always on — no moment to play.
item:apparatus-of-the-crab	Close match	spell:conjure-animals	jb2a.smoke.puff.centered.grey	psfx.ambient.tools.gears.001	The barrel unfolds into the crab, gears turning.	Likely	Sure	0
item:central-pouch	No proposed FX				A container. Nothing happens at the table.
item:dragon-orb	Close match	spell:dominate-person	jb2a.magic_signs.circle.02.enchantment.complete.dark_red	psfx.creature.dragons.roar.large	The orb calls a dragon to heel.	Likely	Sure	10
item:efficient-quiver	No proposed FX				A container. Reaching into it is not a moment the table watches.
item:feather-token	No proposed FX				The record has no activity, so nothing at the table plays it.			
item:anchor-feather-token	Close match	spell:conjure-animals	jb2a.swirling_feathers.outburst.01.textured	psfx.magic-signs.circle.v1.conjuration.intro	The anchor token.	Likely	Likely	0
item:bird-feather-token	Close match	spell:conjure-animals	jb2a.swirling_feathers.outburst.01.textured	psfx.magic-signs.circle.v1.conjuration.complete	The bird token becomes a roc.	Sure	Likely	0
item:fan-feather-token	Close match	spell:conjure-animals	jb2a.wind_lines.01.02.white	psfx.cantrips.gust.v1	The fan token raises a wind.	Sure	Sure	0
item:swan-boat-feather-token	Close match	spell:conjure-animals	jb2a.swirling_feathers.outburst.01.textured	psfx.casting.water.001	The swan boat token unfolds on the water.	Likely	Likely	0
item:tree-feather-token	Close match	spell:conjure-animals	jb2a.plant_growth.04.round.4x4.complete.greenwhite	psfx.casting.earth.001	The tree token grows an oak.	Likely	Likely	0
item:whip-feather-token	Close match	spell:conjure-animals	jb2a.melee_generic.slashing.two_handed	psfx.impacts.slashing.v1	The whip token lashes.	Likely	Sure	18
item:handy-haversack	No proposed FX				A container. Reaching into it is not a moment the table watches.
item:instant-fortress	Close match	spell:conjure-animals	jb2a.impact.earth.01.browngreen	psfx.casting.earth.001	The cube is thrown and a tower grows out of the ground.	Likely	Sure	0
item:regeneration-ioun-stone	Close match	effect:regenerating	jb2a.ioun_stones.01.white.regeneration	psfx.1st-level-spells.cure-wounds.v1.001	Regeneration: the stone orbits, and the wounds close.	Sure	Sure	0
item:iron-bands	Close match	effect:ensnared	jb2a.markers.chain.diamond.loop.01.grey	psfx.magic-signs.rune.v1.abjuration.intro	The sphere is thrown and bands wrap the target.	Sure	Likely	0
item:left-pouch	No proposed FX				A container. Nothing happens at the table.
item:marvelous-pigments	Close match	spell:conjure-animals	jb2a.particle_burst.01.circle.orangepink	psfx.magic-signs.circle.v1.conjuration.complete	What is painted becomes real: sparks gather and burst into the thing.	Likely	Likely	0
item:mysterious-deck	Close match	spell:conjure-animals	jb2a.ranged.card.01.projectile.01.purple	psfx.magic-signs.circle.v1.divination.complete	A card is drawn from the Deck and flies.	Sure	Likely	0
item:right-pouch	No proposed FX				A container. Nothing happens at the table.
item:spiders-sting	Close match	effect:lingering-acid	jb2a.markers.poison.dark_green.03	psfx.cantrips.poison-spray.v1	Spider's sting: the poison takes.	Sure	Likely	0
effect:divine-order-protector	No proposed FX				A proficiency — no moment to play.
effect:eldritch-mind	No proposed FX				A passive trait — no moment to play.
effect:investment-of-flight	No proposed FX				Bookkeeping for another ability, which plays the moment — nothing of its own to play.			
effect:investment-of-swimming	No proposed FX				Bookkeeping for another ability, which plays the moment — nothing of its own to play.			
effect:magician	No proposed FX				A passive trait — no moment to play.
effect:natures-ward	No proposed FX				A ward against a climate — no moment at the table.
effect:primal-order-warden	No proposed FX				A proficiency — no moment to play.
effect:tactial-master	No proposed FX				A passive trait — no moment to play.
effect:witch-sight	No proposed FX				Always on while it is worn or known — no moment to play.			
effect:antilife-shell	Close match	spell:mage-armor	jb2a.antilife_shell.blue_with_circle	psfx.magic-signs.rune.v1.abjuration.intro	Antilife Shell: the shell JB2A drew for this exact spell.	Sure	Likely	0
effect:dispelling-evil-and-good	Close match	spell:mage-armor	jb2a.magic_signs.circle.02.abjuration.complete.yellow	psfx.magic-signs.circle.v1.abjuration.complete	Dispel Evil and Good: the ward around the caster.	Sure	Sure	18
effect:ranged-weapon	Close match	effect:outlined	jb2a.markers.light.complete.yellow	psfx.magic-signs.rune.v1.divination.intro	True Strike with a ranged weapon: the shot is guided.	Likely	Likely	8
spell:arcanists-magic-aura	Close match	spell:dispel-magic	jb2a.detect_magic.circle.purple	psfx.magic-signs.circle.v1.illusion.intro	A false aura laid over the subject.	Likely	Sure	5
effect:hit-str-score-1d4	Close match	effect:stunned	jb2a.condition.curse.01.010.purple	psfx.impacts.magicaleffects.necrotic	Draining Swipe: the strength is taken — a weakness sign in a dark orb.	Likely	Likely	0
