feature:arcane-study-charm	Close match	spell:mage-armor	jb2a.magic_signs.rune.02.complete.03.pink	psfx.magic-signs.rune.v1.conjuration.intro	A charm grants a spell: a rune at the one who carries it — every charm reads the same.	Likely	Likely	0
feature:blessing-of-health	No proposed FX				A constitution score raised — no moment to play.
feature:blessing-of-magic-resistance	No proposed FX				The record has no activity, so nothing at the table plays it.			
feature:blessing-of-protection	No proposed FX				The record has no activity, so nothing at the table plays it.			
feature:blessing-of-understanding	No proposed FX				A wisdom score raised — no moment to play.
feature:blessing-of-valhalla	Close match	spell:conjure-animals	jb2a.magic_signs.circle.02.conjuration.intro.dark_yellow	psfx.musical-instruments.bagpipes.01.drone.keyOfC.C6	A blessing: the berserkers come.	Likely	Likely	0
feature:blessing-of-weapon-enchantment	No proposed FX				A passive benefit — no moment to play.			
feature:blessing-of-wound-closure	No proposed FX				The record has no activity, so nothing at the table plays it.			
feature:brown-mold	Close match	spell:cone-of-cold	jb2a.impact.ground_crack.frost.01.blue	psfx.5th-level-spells.cone-of-cold.v1.001	Brown mold: frost cracks the ground round it.	Likely	Sure	0
feature:charm-of-animal-conjuring	Close match	spell:conjure-animals	jb2a.magic_signs.circle.02.conjuration.intro.green	psfx.magic-signs.circle.v1.conjuration.complete	A charm grants Conjure Animals.	Likely	Likely	0
feature:charm-of-darkvision	Close match	effect:foresight	jb2a.eyes.01.dark_green.single	psfx.magic-signs.rune.v1.transmutation.intro	A charm grants darkvision.	Likely	Likely	0
feature:charm-of-feather-falling	No proposed FX				The record has no activity, so nothing at the table plays it.			
feature:charm-of-heroism	Close match	effect:courageous	jb2a.condition.boon.02.002.refraction	psfx.conditions.boon.001.01	A charm grants Heroism.	Likely	Sure	0
feature:charm-of-restoration	Close match	spell:cure-wounds	jb2a.cure_wounds.200px.green	psfx.1st-level-spells.cure-wounds.v1.001	A charm grants a restoration.	Sure	Likely	0
feature:charm-of-the-boreal-ball	Close match	spell:cone-of-cold	jb2a.ice_spikes.radial.burst.blue	psfx.5th-level-spells.cone-of-cold.v1.001	A charm grants a ball of cold.	Sure	Likely	0
feature:charm-of-the-slayer	Close match	effect:outlined	jb2a.hunters_mark.loop.02.purple	psfx.magic-signs.rune.v1.divination.loop	A charm marks a slayer's quarry.	Likely	Likely	0
feature:charm-of-vitality	No proposed FX				The record has no activity, so nothing at the table plays it.			
feature:fireball-fungus	Close match	spell:fireball	jb2a.fireball.explosion.orange	psfx.3rd-level-spells.fireball.v1.001.explosion	The fungus goes off like a fireball.	Sure	Sure	3
feature:green-slime	Close match	spell:acid-arrow	jb2a.liquid.splash_side.bright_green	psfx.cantrips.acid-splash.v1	Green slime drops and eats.	Likely	Sure	0
feature:inferno	Close match	spell:burning-hands	jb2a.wall_of_fire.200x100.yellow	psfx.casting.fire.001	The room is on fire.	Likely	Likely	0
feature:observatory-charm	Close match	spell:mage-armor	jb2a.magic_signs.rune.02.complete.05.pink	psfx.magic-signs.rune.v1.conjuration.intro	A charm grants a spell.	Likely	Likely	0
feature:poisonous-gas	Close match	spell:fog-cloud	jb2a.smoke.plumes.01.grey	psfx.cantrips.poison-spray.v1	Poison gas plumes up and fills the space.	Likely	Likely	0
feature:quicksand-pit	Close match	spell:shatter	jb2a.liquid.splash.brown	psfx.casting.earth.001	The ground gives and pulls down.	Maybe	Likely	13
feature:razorvine	Close match	effect:ensnared	jb2a.vine.loop.nature.group.03.green	psfx.impacts.slashing.v1	Razorvine cuts whoever pushes through it.	Likely	Sure	0
feature:reliquary-charm	Close match	spell:mage-armor	jb2a.magic_signs.rune.02.complete.06.pink	psfx.magic-signs.rune.v1.conjuration.intro	A charm grants a spell.	Likely	Likely	0
feature:river-styx	Close match	effect:stunned	jb2a.markers.skull.dark_green.03	psfx.impacts.magicaleffects.psychic	The Styx takes the memory of whoever touches it.	Likely	Likely	0
feature:rockslide	Close match	spell:shatter	jb2a.falling_rocks.top.2x1.grey	psfx.impacts.bludgeoning.v1	The slope comes down.	Sure	Sure	0
feature:sanctuary-charm	Close match	spell:mage-armor	jb2a.magic_signs.rune.02.complete.07.pink	psfx.magic-signs.rune.v1.conjuration.intro	A charm grants a spell.	Likely	Likely	0
feature:sanctum-charm	Close match	spell:mage-armor	jb2a.magic_signs.rune.02.complete.08.pink	psfx.magic-signs.rune.v1.conjuration.intro	A charm grants a spell.	Likely	Likely	0
feature:vicious-vine	Close match	effect:ensnared	jb2a.vine.loop.nature.group.02.green	psfx.1st-level-spells.entangle.vines.v1.001.intro	The vine takes hold and squeezes.	Sure	Sure	0
feature:webs	Close match	spell:web	jb2a.web.complete.002.white	psfx.magic-signs.rune.v1.conjuration.intro	Webs across the passage.	Likely	Maybe	0
feature:yellow-mold	Close match	spell:fog-cloud	jb2a.particles.outward.greenyellow.01.01	psfx.cantrips.poison-spray.v1	Yellow mold puffs out a cloud of spores.	Likely	Likely	0
natural:clawed-gauntlet	Close match	natural:claws	jb2a.claws.200px.bright_orange	psfx.impacts.slashing.v1	The clawed gauntlet rakes.	Sure	Sure	0
