item:fochlucan-bandore-instrument-of-the-bards	Close match	spell:bless	jb2a.music_notations.treble_clef.blue	psfx.musical-instruments.lute.01.strummed-tremolo.keyOfA.A6	An instrument of the bards is played.	Sure	Sure	0
item:folding-boat	No proposed FX				The record has no activity, so nothing at the table plays it.			
item:fool	No proposed FX				A Deck of Many Things card. The draw plays on the Deck itself.
item:fruit-of-restoration	Close match	spell:cure-wounds	jb2a.healing_generic.200px.green	psfx.consumables.food-and-drink.consume.food.bite.juicy.001	The fruit is eaten and a condition lifts.	Sure	Sure	0
item:gauntlets-of-ogre-power	No proposed FX				Worn, always on — no moment to play.
item:gem	No proposed FX				A Deck of Many Things card. The draw plays on the Deck itself.
item:gem-of-brightness	Close match	spell:light	jb2a.breath_weapons02.burst.cone.holy.yellow.01	psfx.cantrips.light.v1.001	A word and the gem blazes golden light down a cone.	Sure	Likely	0
item:gem-of-seeing	Close match	effect:foresight	jb2a.eyes.01.dark_yellow.single	psfx.1st-level-spells.detect-magic.v1.001	True Seeing through the gem.	Likely	Likely	0
item:gemstone-1000-gp	No proposed FX				Treasure. Nothing happens at the table.
item:gemstone10gp	No proposed FX				Treasure. Nothing happens at the table.
item:gemstone100gp	No proposed FX				Treasure. Nothing happens at the table.
item:gemstone5000gp	No proposed FX				Treasure. Nothing happens at the table.
item:gemstone50gp	No proposed FX				Treasure. Nothing happens at the table.
item:gemstone500gp	No proposed FX				Treasure. Nothing happens at the table.
item:glamoured-studded-leather	No proposed FX				The record has no activity, so nothing at the table plays it.			
item:gloves-of-missile-snaring	Close match	spell:mage-armor	jb2a.markers.shield.blue.03	psfx.impacts.bludgeoning.v1	A missile caught out of the air.	Maybe	Likely	0
item:gloves-of-swimming-and-climbing	No proposed FX				Worn, always on — no moment to play.
item:gloves-of-thievery	No proposed FX				Worn, always on — no moment to play.
item:goggles-of-night	No proposed FX				Worn, always on — no moment to play.
item:golden-lions-rare	Close match	spell:conjure-animals	jb2a.smoke.puff.ring.01.multicolored	psfx.magic-signs.circle.v1.conjuration.complete	A figurine becomes a beast.	Likely	Likely	0
item:bag-of-tricks	Close match	spell:conjure-animals	jb2a.smoke.puff.centered.green	psfx.magic-signs.circle.v1.conjuration.complete	A ball of fuzz is thrown and becomes a beast.	Likely	Likely	0
item:grenade-fragmentation	Close match	spell:fireball	jb2a.explosion.shrapnel.grenade.03.black	psfx.ranged-weapons.guns.single-fire.musket	A fragmentation grenade goes off.	Sure	Likely	0
item:grenade-smoke	Close match	spell:fog-cloud	jb2a.smoke.plumes.01.grey	psfx.casting.generic.001	A smoke grenade fills the area.	Sure	Likely	0
item:gunpowder-keg	Close match	spell:fireball	jb2a.explosion_side.01.orange	psfx.ranged-weapons.guns.single-fire.musket	A keg of powder goes off.	Sure	Likely	0
item:gunpowder-powder-horn	Close match	spell:fireball	jb2a.explosion.07.greenorange	psfx.ranged-weapons.guns.single-fire.musket	A powder horn goes off.	Sure	Likely	0
item:hag-eye	Close match	effect:foresight	jb2a.eyes.01.dark_green.single	psfx.magic-signs.rune.v1.divination.intro	The coven's eye watches.	Sure	Likely	0
item:hat-of-disguise	Close match	spell:invisibility	jb2a.smoke.puff.side.dark_purple	psfx.magic-signs.rune.v1.illusion.intro	Disguise Self from the hat.	Likely	Likely	0
item:hat-of-many-spells	No proposed FX				A spellcasting focus. The spell it helps cast is its own FX.
item:hat-of-vermin	Close match	spell:conjure-animals	jb2a.bats.complete.01.green	psfx.magic-signs.circle.v1.conjuration.intro	Rats and bats pour out of the hat.	Likely	Likely	0
item:hat-of-wizardry	No proposed FX				A spellcasting focus. The spell it helps cast is its own FX.
item:headband-of-intellect	No proposed FX				Worn, always on — no moment to play.
item:helm-of-brilliance	Close match	spell:guiding-bolt	jb2a.markers.light.outro.yellow02	psfx.class-features.divine-smite.v1.001.caster	The helm blazes with radiant light.	Likely	Likely	0
item:helm-of-comprehending-languages	Close match	effect:comprehension	jb2a.markers.runes03.orange.03	psfx.magic-signs.rune.v1.divination.intro	The helm reads what the wearer cannot.	Likely	Likely	0
item:helm-of-telepathy	Close match	effect:carrying-message	jb2a.markers.runes02.green02.03	psfx.magic-signs.rune.v1.divination.intro	A word sent mind to mind.	Likely	Likely	0
item:helm-of-teleportation	Close match	spell:misty-step	jb2a.teleport.01.blue	psfx.2nd-level-spells.misty-step.v1.complete.generic	Teleport from the helm.	Likely	Sure	1
item:hewards-handy-haversack	No proposed FX				A container. Reaching into it is not a moment the table watches.
item:hewards-handy-spice-pouch	No proposed FX				A pouch of spices — nothing to play.
item:hidden-pit	Close match	spell:shatter	jb2a.impact.earth.01.browngreen	psfx.impacts.bludgeoning.v1	The floor gives way.	Likely	Likely	0
item:honey-pint	No proposed FX				Food. Nothing happens at the table.
item:horn-of-blasting	Close match	spell:shatter	jb2a.thunderwave.center.blue	psfx.cantrips.thunderclap.v1	The horn is blown and thunder goes down a cone.	Sure	Sure	3
item:horn-of-silent-alarm	No proposed FX				A horn only the party hears — nothing to play.
item:horn-of-valhalla	Close match	spell:conjure-animals	jb2a.magic_signs.circle.02.conjuration.intro.dark_yellow	psfx.musical-instruments.bagpipes.01.drone.keyOfC.C6	The horn is blown and the berserkers come.	Likely	Likely	0
item:horseshoes-of-a-zephyr	No proposed FX				Worn by a mount, always on — no moment to play.
item:horseshoes-of-speed	No proposed FX				Worn by a mount, always on — no moment to play.
item:immovable-rod	No proposed FX				A rod that stops in the air — a position, not a moment.
item:instrument-of-illusions	Close match	spell:invisibility	jb2a.music_notations.treble_clef.purple	psfx.musical-instruments.flute.01.long.keyOfA.A6	The instrument is played and an illusion moves with it.	Sure	Sure	0
item:instrument-of-scribing	No proposed FX				A pen that writes on a surface — nothing to play.
item:instrument-of-the-bards	Close match	spell:bless	jb2a.music_notations.treble_clef.blue	psfx.musical-instruments.lute.01.strummed-tremolo.keyOfC.C6	An instrument of the bards is played.	Sure	Sure	0
item:ioun-stone	No proposed FX				The record has no activity, so nothing at the table plays it.			
item:absorption-ioun-stone	Close match	spell:mage-armor	jb2a.ioun_stones.01.purple.absorption	psfx.magic-signs.rune.v1.abjuration.intro	Absorption: the stone orbits, and takes a spell.	Sure	Likely	0
item:agility-ioun-stone	No proposed FX				The record has no activity, so nothing at the table plays it.			
item:awareness-ioun-stone	No proposed FX				The record has no activity, so nothing at the table plays it.			
item:fortitude-ioun-stone	No proposed FX				The record has no activity, so nothing at the table plays it.			
item:greater-absorption-ioun-stone	Close match	spell:mage-armor	jb2a.ioun_stones.01.purple.great_absorption	psfx.magic-signs.rune.v1.abjuration.intro	Greater Absorption: the stone orbits, and takes a spell.	Sure	Likely	0
item:insight-ioun-stone	No proposed FX				The record has no activity, so nothing at the table plays it.			
item:intellect-ioun-stone	No proposed FX				The record has no activity, so nothing at the table plays it.			
item:leadership-ioun-stone	No proposed FX				The record has no activity, so nothing at the table plays it.			
item:mastery-ioun-stone	No proposed FX				The record has no activity, so nothing at the table plays it.			
item:protection-ioun-stone	No proposed FX				The record has no activity, so nothing at the table plays it.			
item:regneration-ioun-stone	Close match	effect:regenerating	jb2a.ioun_stones.01.white.regeneration	psfx.1st-level-spells.cure-wounds.v1.001	Regeneration: the stone orbits, and the wounds close.	Sure	Sure	0
item:reserve-ioun-stone	Close match	spell:mage-armor	jb2a.ioun_stones.01.purple.reserve	psfx.magic-signs.rune.v1.conjuration.intro	Reserve: the stone orbits, holding a spell.	Sure	Likely	0
item:strength-ioun-stone	No proposed FX				The record has no activity, so nothing at the table plays it.			
item:sustenance-ioun-stone	No proposed FX				The record has no activity, so nothing at the table plays it.			
item:iron-bands-of-bilarro	Close match	effect:ensnared	jb2a.markers.chain.square.loop.01.grey	psfx.magic-signs.rune.v1.abjuration.intro	The sphere is thrown and bands wrap the target.	Sure	Likely	0
item:iron-flask	Close match	spell:conjure-animals	jb2a.smoke.plumes.01.dark_red	psfx.magic-signs.circle.v1.conjuration.complete	The stopper comes out and what was trapped comes out with it.	Likely	Likely	0
item:iron-horn-of-valhalla	Close match	spell:conjure-animals	jb2a.magic_signs.circle.02.conjuration.intro.dark_yellow	psfx.musical-instruments.bagpipes.01.drone.keyOfC.C6	The horn is blown and the berserkers come.	Likely	Likely	0
item:ivory-goats	Close match	spell:conjure-animals	jb2a.smoke.puff.ring.02.white	psfx.magic-signs.circle.v1.conjuration.complete	A figurine becomes a beast.	Likely	Likely	0
item:jester	No proposed FX				A Deck of Many Things card. The draw plays on the Deck itself.
item:keoghtoms-ointment	Close match	spell:cure-wounds	jb2a.healing_generic.200px.green	psfx.consumables.potions-vials.cork-bottle.001	The ointment is applied and the wounds close.	Sure	Likely	0
item:key	No proposed FX				A Deck of Many Things card. The draw plays on the Deck itself.
item:knight	No proposed FX				A Deck of Many Things card. The draw plays on the Deck itself.
item:lantern-of-revealing	Close match	spell:light	jb2a.markers.light.outro.blue	psfx.cantrips.light.v1.001	The lantern is opened and the invisible is lit.	Likely	Likely	0
item:lock-of-trickery	No proposed FX				A lock that resists picking — nothing to play.
item:lolths-sting	Close match	effect:lingering-acid	jb2a.markers.poison.purple.03	psfx.cantrips.poison-spray.v1	The poison takes.	Likely	Likely	0
item:long-compartment	No proposed FX				A container. Nothing happens at the table.
item:macfuirmidh-citterrn-instrument-of-the-bards	Close match	spell:bless	jb2a.music_notations.treble_clef.blue	psfx.musical-instruments.lute.01.strummed-tremolo.keyOfC.C6	An instrument of the bards is played.	Sure	Sure	0
item:mantle-of-spell-resistance	No proposed FX				Worn, always on — no moment to play.
item:manual-of-bodily-health	No proposed FX				A book read over six days — no moment at the table.
item:manual-of-gainful-exercise	No proposed FX				A book read over six days — no moment at the table.
item:manual-of-golems	Close match	spell:conjure-animals	jb2a.impact.boulder.01	psfx.magic-signs.circle.v1.conjuration.complete	The golem the manual builds stands up in a thud of stone.	Likely	Likely	0
item:manual-of-quickness-of-action	No proposed FX				A book read over six days — no moment at the table.
item:marble-elephant-rare	Close match	spell:conjure-animals	jb2a.smoke.puff.ring.01.white	psfx.magic-signs.circle.v1.conjuration.complete	A figurine becomes a beast.	Likely	Likely	0
item:mariners-armor	Close match	effect:unrestricted-movement	jb2a.bubble.002.001.loop.blue	psfx.casting.water.001	The armour keeps the wearer afloat.	Likely	Likely	0
item:mayonnaise-pint	No proposed FX				Food. Nothing happens at the table.
item:medallion-of-thoughts	Close match	effect:carrying-message	jb2a.markers.runes03.green02.03	psfx.magic-signs.rune.v1.divination.intro	Detect Thoughts from the medallion.	Likely	Likely	0
item:midsize-compartment	No proposed FX				A container. Nothing happens at the table.
item:mirror-of-life-trapping	Close match	effect:banished	jb2a.portals.vertical.vortex_masked.blue	psfx.magic-signs.circle.v1.abjuration.complete	The mirror pulls in whoever looked into it.	Likely	Likely	0
item:mithral-armor	No proposed FX				Worn armour with no activation.
item:moon	No proposed FX				A Deck of Many Things card. The draw plays on the Deck itself.
item:mystery-key	No proposed FX				A key that fits one lock — nothing to play.
item:natures-mantle	No proposed FX				The record has no activity, so nothing at the table plays it.			
item:necklace-of-adaptation	No proposed FX				Worn, always on — no moment to play.
item:necklace-of-fireballs	Close match	spell:fireball	jb2a.fireball.explosion.orange	psfx.3rd-level-spells.fireball.v1.001.explosion	A bead is torn off and thrown: Fireball.	Sure	Sure	3
item:necklace-of-prayer-beads	Close match	spell:bless	jb2a.condition.boon.01.021.blue	psfx.magic-signs.rune.v1.abjuration.intro	A bead is prayed over and its spell is cast.	Likely	Likely	0
item:nolzurs-marvelous-pigments	Close match	spell:conjure-animals	jb2a.particle_burst.01.circle.yellow	psfx.magic-signs.circle.v1.conjuration.complete	What is painted becomes real.	Likely	Likely	0
item:obsidian-steed-very-rare	Close match	spell:conjure-animals	jb2a.smoke.puff.ring.01.dark_black	psfx.magic-signs.circle.v1.conjuration.complete	A figurine becomes a beast.	Likely	Likely	0
item:oil-of-etherealness	Close match	effect:ethereal	jb2a.shimmer.01.purple	psfx.consumables.potions-vials.cork-bottle.001	The oil is rubbed on and the body half-fades.	Likely	Sure	1
item:oil-of-sharpness	Family match	weapon:longsword	jb2a.glint.blue.few	psfx.consumables.potions-vials.cork-bottle.001	The oil is rubbed on and the edge glints.	Likely	Sure	0
item:oil-of-slipperiness	Close match	spell:grease	jb2a.liquid.splash.grey	psfx.consumables.potions-vials.cork-bottle.001	Freedom of Movement, or a greased floor.	Likely	Sure	13
item:ollam-harp-instrument-of-the-bards	Close match	spell:bless	jb2a.music_notations.treble_clef.blue	psfx.musical-instruments.lute.01.strummed-tremolo.keyOfF.F6	An instrument of the bards is played.	Sure	Sure	0
item:onyx-dog-rare	Close match	spell:conjure-animals	jb2a.smoke.puff.ring.02.dark_black	psfx.magic-signs.circle.v1.conjuration.complete	A figurine becomes a beast.	Likely	Likely	0
item:orb-of-direction	No proposed FX				A compass. Nothing to play.
item:orb-of-dragonkind	Close match	spell:dominate-person	jb2a.magic_signs.circle.02.enchantment.intro.dark_red	psfx.creature.dragons.roar.large	The orb calls a dragon to heel.	Likely	Sure	0
item:orb-of-time	No proposed FX				A clock. Nothing to play.
item:pearl-of-power	Close match	spell:mage-armor	jb2a.particles.inward.blue.02.01	psfx.magic-signs.rune.v1.conjuration.intro	A spell slot comes back: light gathers into the bearer.	Likely	Likely	0
item:perfume-of-bewitching	Close match	spell:dominate-person	jb2a.side_impact.part.slow.heart.pink	psfx.magic-signs.rune.v1.enchantment.intro	The perfume is worn and everyone is charmed by it.	Likely	Likely	0
item:periapt-of-health	No proposed FX				Worn, always on — no moment to play.
item:periapt-of-proof-against-poison	No proposed FX				Worn, always on — no moment to play.
item:periapt-of-wound-closure	No proposed FX				The record has no activity, so nothing at the table plays it.			
item:philter-of-love	Close match	spell:dominate-person	jb2a.markers.heart.pink.02	psfx.consumables.potions-vials.drink-liquid.001	The philter is drunk and the drinker is charmed.	Sure	Sure	0
item:pipe-of-smoke-monsters	No proposed FX				The record has no activity, so nothing at the table plays it.			
item:pipes-of-haunting	Close match	effect:frightened	jb2a.markers.fear.dark_purple.02	psfx.musical-instruments.flute.01.long.keyOfA.Am6	The pipes are played and everyone who hears is afraid.	Sure	Likely	0
item:pipes-of-the-sewers	Close match	spell:conjure-animals	jb2a.music_notations.beamed_quavers.green	psfx.musical-instruments.flute.01.long.keyOfC.C6	The pipes are played and the rats come.	Likely	Sure	0
item:plate-armor-of-etherealness	Close match	effect:ethereal	jb2a.shimmer.01.purple	psfx.magic-signs.rune.v1.transmutation.intro	Etherealness from the plate.	Likely	Likely	1
item:poisoned-darts	Close match	effect:lingering-acid	jb2a.dart.01.throw.physical.white	psfx.weapon-swooshes.light.v1.group01	A dart trap fires at whoever stepped on the plate.	Likely	Likely	1
item:poisoned-needle	Close match	effect:lingering-acid	jb2a.side_impact.part.slow.poison.greenyellow	psfx.impacts.slashing.v1	A needle in the lock, and the poison takes.	Sure	Likely	0
item:pole-of-angling	No proposed FX				A fishing rod. Nothing to play.
item:pole-of-collapsing	No proposed FX				A pole that folds up. Nothing to play.
item:portable-hole	Close match	spell:dimension-door	jb2a.portals.horizontal.ring.dark_purple	psfx.magic-signs.circle.v1.conjuration.complete	The cloth is unfolded and a hole opens.	Sure	Likely	2
item:pot-of-awakening	No proposed FX				A passive benefit — no moment to play.			
item:potion-of-animal-friendship	Close match	spell:dominate-person	jb2a.markers.heart.teal.02	psfx.consumables.potions-vials.drink-liquid.001	The potion is drunk: Animal Friendship — every potion drinks the same, the colour says which.	Likely	Sure	0
item:potion-of-clairvoyance	Close match	spell:dispel-magic	jb2a.magic_signs.circle.02.divination.intro.dark_blue	psfx.consumables.potions-vials.drink-liquid.001	The potion is drunk: Clairvoyance.	Likely	Sure	0
item:potion-of-climbing	Close match	effect:unrestricted-movement	jb2a.markers.light.intro.green	psfx.consumables.potions-vials.drink-liquid.001	The potion is drunk: a climbing speed.	Likely	Sure	0
item:potion-of-comprehension	Close match	effect:comprehension	jb2a.markers.runes.dark_orange.02	psfx.consumables.potions-vials.drink-liquid.001	The potion is drunk: Comprehend Languages.	Likely	Sure	0
item:potion-of-diminution	Close match	effect:bark-like-skin	jb2a.particles.inward.blue.01.03	psfx.consumables.potions-vials.drink-liquid.001	The potion is drunk: the drinker shrinks.	Sure	Sure	0
item:potion-of-fire-breath	Close match	spell:burning-hands	jb2a.breath_weapons02.burst.cone.fire.orange.01	psfx.creature.dragons.attacks.breath.small.fire	The potion is drunk and the drinker breathes fire.	Sure	Sure	0
item:potion-of-flying	Close match	effect:flight	jb2a.wind_lines.01.02.white	psfx.consumables.potions-vials.drink-liquid.001	The potion is drunk: a flying speed.	Likely	Sure	0
item:potion-of-gaseous-form	Close match	effect:gaseous-form	jb2a.fog_cloud.01.white	psfx.consumables.potions-vials.drink-liquid.001	The potion is drunk: the drinker becomes mist.	Likely	Sure	3
item:potion-of-giant-strength	No proposed FX				The record has no activity, so nothing at the table plays it.			
item:cloud-potion-of-giant-strength	Close match	effect:courageous	jb2a.condition.boon.02.004.refraction	psfx.consumables.potions-vials.drink-liquid.001	The potion is drunk: giant's strength.	Likely	Sure	0
item:fire-potion-of-giant-strength	Close match	effect:courageous	jb2a.condition.boon.01.024.red	psfx.consumables.potions-vials.drink-liquid.001	The potion is drunk: giant's strength.	Likely	Sure	0
