effect:knocked-down	Close match	effect:slowed	jb2a.melee_attack.06.shield.01	psfx.impacts.bludgeoning.v1	The shield bashes and the target goes down.	Sure	Sure	0
effect:leader	No proposed FX				An ability score raised by a book — no moment to play.
effect:lit-candle-of-invocation	Close match	spell:light	jb2a.flames.04.complete.orange	psfx.cantrips.light.v1.001	The candle is lit: a small flame flickers up.	Sure	Likely	0
effect:longsword-form	No proposed FX				The cane is a longsword now — the swing has an FX on the weapon record.
effect:luck-blade	No proposed FX				A bonus to saves — no moment to play.
effect:lucky	No proposed FX				Carried, always on — no moment to play.
effect:mariners-armor	Close match	effect:unrestricted-movement	jb2a.bubble.002.001.loop.blue	psfx.casting.water.001	The armour keeps its wearer afloat.	Likely	Likely	0
effect:mastiff-figurine	Close match	spell:conjure-animals	jb2a.magic_signs.circle.02.conjuration.intro.dark_purple	psfx.magic-signs.circle.v1.conjuration.complete	The figurine becomes a mastiff.	Likely	Likely	0
effect:metal-shell	Close match	effect:stoneskin	jb2a.markers.shield_rampart.complete.01.orange	psfx.magic-signs.rune.v1.abjuration.intro	Armor of Invulnerability: nothing gets through.	Sure	Likely	0
effect:might-of-giants	No proposed FX				A strength score set by the hammer — no moment to play.
effect:mithral-armor	No proposed FX				Worn, always on — no moment to play.
effect:moon-touched-sword	No proposed FX				A lasting enchantment on the item — no moment to play.			
effect:moonblade	Close match	effect:shining	jb2a.bless.200px.intro.blue	psfx.2nd-level-spells.moonbeam.intro.v1.001	The Moonblade wakes for its bearer.	Likely	Likely	0
effect:movement-swim-speed	No proposed FX				A swim speed — no moment to play.
effect:necrotic-resistance	No proposed FX				Always on while it is worn or known — no moment to play.			
effect:nine-lives-stealer	No proposed FX				A property of the blade — the swing has a proposal on the weapon record.
effect:oathbow	No proposed FX				A property of the bow — the shot has a proposal on the weapon record.
effect:obedient	Close match	effect:dominated	jb2a.markers.heart.dark_red.03	psfx.magic-signs.rune.v1.enchantment.intro	The Rod of Rulership: the target obeys.	Likely	Likely	6
effect:ogre-strength	No proposed FX				A strength score set by gauntlets — no moment to play.
effect:oiled	Family match	weapon:longsword	jb2a.glint.blue.few	psfx.consumables.potions-vials.cork-bottle.001	Oil of Sharpness on the blade: a glint on the edge.	Likely	Likely	0
effect:oiled-ammunition	Family match	weapon:longbow	jb2a.glint.blue.few	psfx.consumables.potions-vials.cork-bottle.001	Oil of Sharpness on the head: a glint on the point.	Likely	Likely	0
effect:pact-keeper-bonus-1	No proposed FX				A bonus to spell save DC — no moment to play.
effect:pact-keeper-bonus-2	No proposed FX				A bonus to spell save DC — no moment to play.
effect:pact-keeper-bonus-3	No proposed FX				A bonus to spell save DC — no moment to play.
effect:piercing-resistance	No proposed FX				A lasting enchantment on the item — no moment to play.			
effect:plate-armor-of-etherealness	No proposed FX				A lasting enchantment on the item — no moment to play.			
effect:poison-coat	Close match	effect:lingering-acid	jb2a.markers.poison.dark_green.01	psfx.magic-signs.rune.v1.transmutation.intro	The Dagger of Venom coats itself.	Sure	Likely	0
effect:poisoned-and-blinded	Close match	effect:lingering-acid	jb2a.markers.poison.dark_green.02	psfx.cantrips.poison-spray.v1	Malice takes: poisoned and blinded.	Likely	Likely	0
effect:poisoned-and-paralyzed	Close match	effect:lingering-acid	jb2a.icon.stun.dark_teal	psfx.cantrips.poison-spray.v1	Carrion crawler mucus takes: poisoned and paralysed.	Likely	Likely	0
effect:poisoned-and-reduce-max	Close match	effect:lingering-acid	jb2a.markers.poison.purple.03	psfx.cantrips.poison-spray.v1	Pale tincture takes: poisoned, and the maximum comes down.	Likely	Likely	0
effect:poisoned-and-unconscious	Close match	effect:lingering-acid	jb2a.sleep.target.green	psfx.cantrips.poison-spray.v1	Essence of ether takes: poisoned and asleep.	Sure	Likely	0
effect:poisoned-needle	Close match	effect:lingering-acid	jb2a.side_impact.part.slow.poison.greenyellow	psfx.cantrips.poison-spray.v1	The needle takes.	Sure	Likely	0
effect:protected-against-poison	No proposed FX				Always on while it is worn or known — no moment to play.			
effect:protection-emanation	Close match	spell:mage-armor	jb2a.magic_signs.circle.02.abjuration.loop.blue	psfx.magic-signs.circle.v1.abjuration.loop	The scroll's circle holds one kind of creature out.	Sure	Sure	3
effect:protective-aura	Close match	spell:bless	jb2a.template_circle.aura.01.loop.large.yellow	psfx.magic-signs.circle.v1.abjuration.loop	The Rod of Alertness spreads its aura.	Likely	Likely	0
effect:psychic-resistance	No proposed FX				Always on while it is worn or known — no moment to play.			
effect:quick-acting	No proposed FX				An ability score raised by a book — no moment to play.
effect:radiant-resistance	No proposed FX				Always on while it is worn or known — no moment to play.			
effect:ranged-attack-ac-bonus	No proposed FX				A bonus to AC against ranged attacks — no moment to play.
effect:red-scale	No proposed FX				A dragon scale mail's colour — worn, always on.
effect:resistance-force	No proposed FX				Always on while it is worn or known — no moment to play.			
effect:resistance-to-cold	No proposed FX				Always on while it is worn or known — no moment to play.			
effect:resistant	Close match	effect:acid-protection	jb2a.markers.shield_rampart.loop.01.white	psfx.magic-signs.rune.v1.abjuration.outro	Potion of Invulnerability: resistance to everything.	Likely	Likely	0
effect:restrained-arrow-of-restraint	Close match	effect:ensnared	jb2a.markers.chain.spectral_standard.loop.02.blue	psfx.magic-signs.rune.v1.abjuration.intro	The Energy Bow's arrow of restraint: spectral chains hold the target.	Sure	Likely	0
effect:restrained-by-iron	Close match	effect:ensnared	jb2a.markers.chain.square.loop.01.grey	psfx.magic-signs.rune.v1.abjuration.intro	The Iron Bands of Bilarro close.	Sure	Likely	0
effect:riding-broom-high-weight	Close match	effect:flight	jb2a.wind_lines.01.leaves.01.greenorange	psfx.cantrips.gust.v1	The broom flies, loaded.	Likely	Likely	0
effect:riding-broom-low-weight	Close match	effect:flight	jb2a.wind_lines.01.leaves.02.green	psfx.cantrips.gust.v1	The broom flies, light.	Likely	Likely	0
effect:ring-of-protection	No proposed FX				Worn, always on — no moment to play.
effect:ring-of-resistance-acid	Close match	effect:acid-protection	jb2a.shield.02.complete.01.green	psfx.magic-signs.rune.v1.abjuration.outro	Resistance to acid: the ring's green ward rises and settles.	Likely	Likely	0
effect:ring-of-resistance-cold	Close match	effect:cold-protection	jb2a.shield.02.complete.01.blue	psfx.magic-signs.rune.v1.abjuration.outro	Resistance to cold: the ring's blue ward.	Likely	Likely	0
effect:ring-of-resistance-fire	Close match	effect:fire-protection	jb2a.shield.02.complete.01.red	psfx.magic-signs.rune.v1.abjuration.outro	Resistance to fire: the ring's red ward.	Likely	Likely	0
effect:ring-of-resistance-force	Close match	effect:acid-protection	jb2a.shield.02.complete.01.white	psfx.magic-signs.rune.v1.abjuration.outro	Resistance to force: the ring's white ward.	Likely	Likely	0
effect:ring-of-resistance-lightning	Close match	effect:lightning-protection	jb2a.shield.02.complete.01.yellow	psfx.magic-signs.rune.v1.abjuration.outro	Resistance to lightning: the ring's yellow ward.	Likely	Likely	0
effect:ring-of-resistance-necrotic	Close match	effect:acid-protection	jb2a.shield.02.complete.01.purple	psfx.magic-signs.rune.v1.abjuration.outro	Resistance to necrotic: the ring's violet ward.	Likely	Likely	0
effect:ring-of-resistance-poison	Close match	effect:poison-protection	jb2a.shield.03.complete.01.green	psfx.magic-signs.rune.v1.abjuration.outro	Resistance to poison: the ring's green honeycomb ward.	Likely	Likely	0
effect:ring-of-resistance-psychic	Close match	effect:acid-protection	jb2a.shield.03.complete.01.purple	psfx.magic-signs.rune.v1.abjuration.outro	Resistance to psychic: the ring's violet honeycomb ward.	Likely	Likely	0
effect:ring-of-resistance-radiant	Close match	effect:acid-protection	jb2a.shield.03.complete.01.yellow	psfx.magic-signs.rune.v1.abjuration.outro	Resistance to radiant: the ring's golden honeycomb ward.	Likely	Likely	0
effect:ring-of-resistance-thunder	Close match	effect:thunder-protection	jb2a.shield.03.complete.01.blue	psfx.magic-signs.rune.v1.abjuration.outro	Resistance to thunder: the ring's blue honeycomb ward.	Likely	Likely	0
effect:river-styx-effects	Close match	effect:stunned	jb2a.markers.skull.dark_green.03	psfx.impacts.magicaleffects.psychic	The Styx takes the memory.	Likely	Likely	0
effect:rod-of-the-pact-keeper-1	No proposed FX				A bonus to spell save DC — no moment to play.
effect:rod-of-the-pact-keeper-2	No proposed FX				A bonus to spell save DC — no moment to play.
effect:rod-of-the-pact-keeper-3	No proposed FX				A bonus to spell save DC — no moment to play.
effect:rogue-card-hostility	No proposed FX				Bookkeeping for another ability, which plays the moment — nothing of its own to play.			
effect:ruby-resistance	No proposed FX				Always on while it is worn or known — no moment to play.			
effect:rune-1-bonus	No proposed FX				A Moonblade rune's bonus — the blade itself has a proposal.
effect:rune-blinding-flash	Close match	effect:searing-radiance	jb2a.markers.light.outro.blue02	psfx.class-features.divine-smite.v1.001.target	The Moonblade's blinding flash.	Likely	Likely	0
effect:rune-conjure-entity	Close match	spell:conjure-animals	jb2a.magic_signs.circle.02.conjuration.intro.blue	psfx.magic-signs.circle.v1.conjuration.complete	The Moonblade conjures its guardian.	Likely	Likely	0
effect:rune-critical-range	No proposed FX				A widened critical range — no moment to play.
effect:rune-force-damage	Close match	effect:heated-metal	jb2a.markers.runes02.blue.03	psfx.impacts.magicaleffects.generic.002.001	The Moonblade's force rune.	Likely	Likely	0
effect:rune-spell-storing	Close match	effect:warded	jb2a.magic_signs.rune.02.loop.02.blue	psfx.magic-signs.rune.v1.evocation.intro	The Moonblade holds a spell.	Likely	Likely	0
effect:rune-thrown-20-60	No proposed FX				A thrown range the rune grants — no moment to play.
effect:saving-throw-bonus	No proposed FX				A bonus to saves — no moment to play.
effect:scroll-of-protection-aberrations	Close match	spell:mage-armor	jb2a.magic_signs.circle.02.abjuration.loop.dark_purple	psfx.magic-signs.circle.v1.abjuration.loop	The scroll's circle keeps one kind out — all fourteen read the same.	Sure	Sure	3
effect:scroll-of-protection-beasts	Close match	spell:mage-armor	jb2a.magic_signs.circle.02.abjuration.loop.dark_green	psfx.magic-signs.circle.v1.abjuration.loop	The scroll's circle keeps one kind out.	Sure	Sure	3
effect:scroll-of-protection-celestials	Close match	spell:mage-armor	jb2a.magic_signs.circle.02.abjuration.loop.yellow	psfx.magic-signs.circle.v1.abjuration.loop	The scroll's circle keeps one kind out.	Sure	Sure	3
effect:scroll-of-protection-constructs	Close match	spell:mage-armor	jb2a.magic_signs.circle.02.abjuration.loop.dark_blue	psfx.magic-signs.circle.v1.abjuration.loop	The scroll's circle keeps one kind out.	Sure	Sure	3
effect:scroll-of-protection-dragons	Close match	spell:mage-armor	jb2a.magic_signs.circle.02.abjuration.loop.red	psfx.magic-signs.circle.v1.abjuration.loop	The scroll's circle keeps one kind out.	Sure	Sure	3
effect:scroll-of-protection-elementals	Close match	spell:mage-armor	jb2a.magic_signs.circle.02.abjuration.loop.blue	psfx.magic-signs.circle.v1.abjuration.loop	The scroll's circle keeps one kind out.	Sure	Sure	3
effect:scroll-of-protection-fey	Close match	spell:mage-armor	jb2a.magic_signs.circle.02.abjuration.loop.pink	psfx.magic-signs.circle.v1.abjuration.loop	The scroll's circle keeps one kind out.	Sure	Sure	3
effect:scroll-of-protection-fiends	Close match	spell:mage-armor	jb2a.magic_signs.circle.02.abjuration.loop.dark_red	psfx.magic-signs.circle.v1.abjuration.loop	The scroll's circle keeps one kind out.	Sure	Sure	3
effect:scroll-of-protection-giants	Close match	spell:mage-armor	jb2a.magic_signs.circle.02.abjuration.loop.dark_yellow	psfx.magic-signs.circle.v1.abjuration.loop	The scroll's circle keeps one kind out.	Sure	Sure	3
effect:scroll-of-protection-humanoids	Close match	spell:mage-armor	jb2a.magic_signs.circle.02.abjuration.loop.purple	psfx.magic-signs.circle.v1.abjuration.loop	The scroll's circle keeps one kind out.	Sure	Sure	3
effect:scroll-of-protection-monstrosities	Close match	spell:mage-armor	jb2a.magic_signs.circle.02.abjuration.loop.dark_pink	psfx.magic-signs.circle.v1.abjuration.loop	The scroll's circle keeps one kind out.	Sure	Sure	3
effect:scroll-of-protection-oozes	Close match	spell:mage-armor	jb2a.magic_signs.circle.02.abjuration.loop.green	psfx.magic-signs.circle.v1.abjuration.loop	The scroll's circle keeps one kind out.	Sure	Sure	3
effect:scroll-of-protection-plants	Close match	spell:mage-armor	jb2a.magic_signs.circle.02.abjuration.loop.dark_green	psfx.magic-signs.circle.v1.abjuration.loop	The scroll's circle keeps one kind out.	Sure	Sure	3
effect:scroll-of-protection-undead	Close match	spell:mage-armor	jb2a.magic_signs.circle.02.abjuration.loop.dark_blue	psfx.magic-signs.circle.v1.abjuration.loop	The scroll's circle keeps one kind out.	Sure	Sure	3
effect:scroll-of-titan-summoning-animal-lord	Close match	spell:conjure-animals	jb2a.magic_signs.circle.02.conjuration.intro.dark_green	psfx.magic-signs.circle.v1.conjuration.complete	A titan arrives — all seven read the same.	Likely	Likely	0
effect:scroll-of-titan-summoning-blob-of-annihilation	Close match	spell:conjure-animals	jb2a.magic_signs.circle.02.conjuration.intro.dark_purple	psfx.magic-signs.circle.v1.conjuration.complete	A titan arrives.	Likely	Likely	0
effect:scroll-of-titan-summoning-colossus	Close match	spell:conjure-animals	jb2a.magic_signs.circle.02.conjuration.intro.dark_yellow	psfx.magic-signs.circle.v1.conjuration.complete	A titan arrives.	Likely	Likely	0
effect:scroll-of-titan-summoning-elemental-cataclysm	Close match	spell:conjure-animals	jb2a.magic_signs.circle.02.conjuration.intro.red	psfx.magic-signs.circle.v1.conjuration.complete	A titan arrives.	Likely	Likely	0
effect:scroll-of-titan-summoning-empyrean	Close match	spell:conjure-animals	jb2a.magic_signs.circle.02.conjuration.intro.yellow	psfx.magic-signs.circle.v1.conjuration.complete	A titan arrives.	Likely	Likely	0
effect:scroll-of-titan-summoning-kraken	Close match	spell:conjure-animals	jb2a.magic_signs.circle.02.conjuration.intro.dark_blue	psfx.magic-signs.circle.v1.conjuration.complete	A titan arrives.	Likely	Likely	0
effect:scroll-of-titan-summoning-tarrasque	Close match	spell:conjure-animals	jb2a.magic_signs.circle.02.conjuration.intro.dark_red	psfx.magic-signs.circle.v1.conjuration.complete	A titan arrives.	Likely	Likely	0
effect:seeing	Close match	effect:foresight	jb2a.eyes.01.dark_yellow.single	psfx.1st-level-spells.detect-magic.v1.001	The Gem of Seeing: truesight.	Likely	Likely	0
effect:shield-1	No proposed FX				A plus on the shield — no moment to play.
effect:shield-2	No proposed FX				A plus on the shield — no moment to play.
effect:shield-3	No proposed FX				A plus on the shield — no moment to play.
effect:silver-scale	No proposed FX				A dragon scale mail's colour — worn, always on.
effect:silvered-weapon	No proposed FX				A property of the edge — the swing has a proposal on the weapon record.
effect:slashing-resistance	No proposed FX				A lasting enchantment on the item — no moment to play.			
effect:smoldering-armor	No proposed FX				Armour that smokes but never burns — a look, not a moment.
effect:special-senses	No proposed FX				Always on while it is worn or known — no moment to play.			
effect:spell-attack-bonus	No proposed FX				A bonus to spell attacks — no moment to play.
effect:spider-movement-and-resistance	No proposed FX				Always on while it is worn or known — no moment to play.			
effect:stealth-advantage	No proposed FX				Worn, always on — no moment to play.
effect:stone-giant-strength	No proposed FX				Worn, always on — no moment to play.
effect:storm-giant-strength	No proposed FX				Worn, always on — no moment to play.
effect:strength-of-clouds	Close match	effect:courageous	jb2a.condition.boon.02.004.refraction	psfx.conditions.boon.001.01	The potion holds: giant's strength — a prismatic fist boon.	Likely	Likely	0
effect:strength-of-fire	Close match	effect:courageous	jb2a.condition.boon.01.024.red	psfx.conditions.boon.001.01	The potion holds: fire giant's strength — a stone fist boon in red.	Likely	Likely	0
effect:strength-of-frost	Close match	effect:courageous	jb2a.condition.boon.01.024.blue	psfx.conditions.boon.001.01	The potion holds: frost giant's strength — a stone fist boon in blue.	Likely	Likely	0
effect:strength-of-hills	Close match	effect:courageous	jb2a.condition.boon.01.024.green	psfx.conditions.boon.001.01	The potion holds: hill giant's strength — a stone fist boon in green.	Likely	Likely	0
effect:strength-of-stone	Close match	effect:courageous	jb2a.condition.boon.01.024.yellow	psfx.conditions.boon.001.01	The potion holds: stone giant's strength — a stone fist boon.	Likely	Likely	0
effect:strength-of-storms	Close match	effect:courageous	jb2a.condition.boon.02.024.refraction	psfx.conditions.boon.001.01	The potion holds: storm giant's strength — a prismatic stone fist.	Likely	Likely	0
effect:sun-card-daily-temp-hp	Close match	effect:courageous	jb2a.condition.boon.02.016.refraction	psfx.conditions.boon.001.01	The Sun card's daily boon: a prismatic winged heart.	Likely	Likely	0
effect:supernatural-readiness-initiative-advantage	No proposed FX				Advantage on initiative — no moment to play.
effect:suppressed-condition-deafened	No proposed FX				A deafness lifted — the absence is the point.
effect:sustained	No proposed FX				No need for food or drink — no moment to play.
effect:swimmer	No proposed FX				A swim speed — no moment to play.
effect:sword-of-life-stealing	No proposed FX				A property of the blade — the swing has a proposal on the weapon record.
effect:sword-of-sharpness	No proposed FX				A property of the blade — the swing has a proposal on the weapon record.
effect:sword-of-vengeance	No proposed FX				A property of the blade — the swing has a proposal on the weapon record.
effect:sword-of-wounding	No proposed FX				A property of the blade — the swing has a proposal on the weapon record.
effect:sworn-enemy	Close match	effect:outlined	jb2a.hunters_mark.loop.01.red	psfx.magic-signs.rune.v1.divination.loop	The Oathbow names its enemy.	Sure	Likely	0
effect:sylvan-talon	No proposed FX				A lasting enchantment on the item — no moment to play.			
effect:telepathy	No proposed FX				Always on while it is worn or known — no moment to play.			
effect:thunderous-strength	No proposed FX				Always on while it is worn or known — no moment to play.			
effect:tireless-form	No proposed FX				No need for sleep — no moment to play.
effect:transferred-ac-bonus-1	No proposed FX				Points moved to AC — no moment to play.
effect:transferred-ac-bonus-2	No proposed FX				Points moved to AC — no moment to play.
effect:transferred-ac-bonus-3	No proposed FX				Points moved to AC — no moment to play.
effect:unarmed-strike-1	No proposed FX				A plus on the fist — the strike has an FX on the natural-attack record.
effect:unarmed-strike-2	No proposed FX				A plus on the fist — the strike has an FX on the natural-attack record.
effect:unarmed-strike-3	No proposed FX				A plus on the fist — the strike has an FX on the natural-attack record.
effect:unburdened-movement	No proposed FX				A jump distance — no moment to play.
effect:under-rocks	Close match	spell:shatter	jb2a.falling_rocks.top.2x1.grey	psfx.impacts.bludgeoning.v1	The rockslide has them.	Sure	Sure	0
effect:understanding	No proposed FX				A blessing of understanding — no moment to play.
effect:upgraded-constitution	No proposed FX				A constitution score set by an amulet — no moment to play.
effect:vecnas-eye-alignment-truesight	No proposed FX				Always on while it is worn or known — no moment to play.			
effect:vecnas-eye-and-hand-initiative-immunity	No proposed FX				A passive gift of the relics — no moment to play.
effect:vecnas-hand-alignment-strength	No proposed FX				A strength score set by the hand — no moment to play.
effect:vicious-weapon	No proposed FX				A property of the weapon — the swing has a proposal on the weapon record.
effect:void-card-contained-soul	Close match	effect:banished	jb2a.markers.skull.purple.03	psfx.magic-signs.circle.v1.necromancy.complete	The Void card: the soul is elsewhere and the body walks on.	Likely	Likely	0
effect:vorpal-sword	No proposed FX				A property of the blade — the head coming off is an outcome, not a swing.
effect:walloping-ammunition	Close match	effect:slowed	jb2a.side_impact.part.shockwave.blue	psfx.impacts.bludgeoning.v1	The shot knocks the target down: a shockwave off the hit.	Likely	Sure	0
effect:wand-of-the-war-mage-1	No proposed FX				A bonus to spell attacks — no moment to play.
effect:wand-of-the-war-mage-2	No proposed FX				A bonus to spell attacks — no moment to play.
effect:wand-of-the-war-mage-3	No proposed FX				A bonus to spell attacks — no moment to play.
effect:war-mage	No proposed FX				The robe's passive bonuses — no moment to play.
effect:war-mage-1	No proposed FX				A bonus to spell attacks — no moment to play.
effect:war-mage-2	No proposed FX				A bonus to spell attacks — no moment to play.
effect:war-mage-3	No proposed FX				A bonus to spell attacks — no moment to play.
effect:water-breather	Close match	effect:unrestricted-movement	jb2a.bubble.001.001.loop.blue	psfx.casting.water.001	Bubbles at the drinker.	Sure	Likely	0
effect:weapon-1	No proposed FX				A plus on the weapon — the swing has a proposal on the weapon record.
effect:weapon-2	No proposed FX				A plus on the weapon — the swing has a proposal on the weapon record.
effect:weapon-3	No proposed FX				A plus on the weapon — the swing has a proposal on the weapon record.
effect:weapon-of-warning	No proposed FX				A warning that cannot be surprised — no moment to play.
effect:webbed	Close match	effect:ensnared	jb2a.web.loop.002.white	psfx.magic-signs.rune.v1.conjuration.intro	Caught in the webs.	Sure	Maybe	0
effect:well-exercised	No proposed FX				An ability score raised by a book — no moment to play.
effect:white-scale	No proposed FX				A dragon scale mail's colour — worn, always on.
effect:withered	Close match	effect:stunned	jb2a.markers.skull.dark_green.03	psfx.impacts.magicaleffects.necrotic	The Staff of Withering: the target wastes.	Likely	Likely	0
effect:wounded-and-cannot-heal	Close match	effect:lingering-acid	jb2a.markers.drop.red.03	psfx.impacts.slashing.v1	The Sword of Wounding: the cut will not close.	Sure	Likely	0
effect:wrapped-in-vines	Close match	effect:ensnared	jb2a.vine.loop.nature.group.02.green	psfx.1st-level-spells.entangle.vines.v1.001.intro	The vicious vine has the target.	Sure	Sure	0
effect:x-ray-vision	Close match	effect:foresight	jb2a.eyes.01.dark_red.single	psfx.magic-signs.rune.v1.divination.intro	Vecna's eye sees through the wall.	Likely	Likely	0
