effect:acid-shielding	No proposed FX				Always on while it is worn or known — no moment to play.			
effect:acid-sphere	Close match	spell:magic-missile	jb2a.ioun_stones.01.green.mastery	psfx.cantrips.acid-splash.v1	Orbiting Spheres, acid: a green sphere circles the caster.	Likely	Likely	0
effect:acid-suffusion--flight	Close match	effect:flight	jb2a.bubble.002.002.complete.greenyellow	psfx.cantrips.acid-splash.v1	Elemental Suffusion, acid: the caster bubbles with acid and rises.	Likely	Sure	0
effect:adv-next-attack	Close match	effect:outlined	jb2a.hunters_mark.pulse.04.green	psfx.magic-signs.rune.v1.divination.intro	The next attack is guided.	Likely	Likely	0
effect:bane-psychic-resistance	No proposed FX				Always on while it is worn or known — no moment to play.			
effect:bhaal-poison-resistance	No proposed FX				Always on while it is worn or known — no moment to play.			
effect:bladesong	Close match	effect:hasted	jb2a.token_border.circle.spinning.blue.009	psfx.musical-instruments.violin.01.sforzando.keyOfA.A6	Bladesong: the elf's blade sings.	Likely	Likely	0
effect:blessed-by-moonlight	Close match	effect:blessed	jb2a.bless.200px.loop.blue	psfx.2nd-level-spells.moonbeam.intro.v1.001	Blessed by Moonlight: cold light on the blessed.	Likely	Sure	0
effect:blessing-of-moonlight	No proposed FX				A lasting enchantment on the item — no moment to play.			
effect:bolstered	Close match	effect:courageous	jb2a.condition.boon.02.011.refraction	psfx.conditions.boon.001.01	Bolstered: a boon mark.	Likely	Likely	0
effect:cold-shielding	No proposed FX				Always on while it is worn or known — no moment to play.			
effect:cold-sphere	Close match	spell:magic-missile	jb2a.ioun_stones.01.blue.awareness	psfx.impacts.magicaleffects.cold	Orbiting Spheres, cold: a blue sphere circles the caster.	Likely	Sure	2
effect:cold-suffusion--flight	Close match	effect:flight	jb2a.shield_themed.above.ice.03.blue	psfx.impacts.magicaleffects.cold	Elemental Suffusion, cold: ice whirls round the caster.	Sure	Sure	0
effect:crown-of-spellfire	Close match	effect:shining	jb2a.markers.on_token_mask.complete.01.yellow	psfx.class-features.divine-smite.v1.001.caster	Crown of Spellfire: golden fire crowns its wielder.	Likely	Likely	0
effect:crushed-grappled--restrained	Close match	effect:ensnared	jb2a.markers.chain.diamond.loop.01.red	psfx.impacts.bludgeoning.v1	Crushed: the target is held and squeezed.	Likely	Likely	0
effect:damage-immunity-bloodied	No proposed FX				Always on while it is worn or known — no moment to play.			
effect:damage-resistance-bloodied	No proposed FX				Always on while it is worn or known — no moment to play.			
effect:daylight-presence	No proposed FX				Always on while it is worn or known — no moment to play.			
effect:death-armor	Close match	effect:burning	jb2a.markers.on_token_mask.complete.01.purple	psfx.impacts.magicaleffects.necrotic	Death Armor: an inky aura round the one touched.	Likely	Sure	0
effect:dirge-of-healing	Close match	effect:carrying-message	jb2a.markers.music.dark_red	psfx.musical-instruments.violin.01.sforzando.keyOfA.Am6	The dirge: no healing while it plays.	Likely	Sure	2
effect:dirge-of-speed	Close match	effect:slowed	jb2a.markers.music.dark_red	psfx.musical-instruments.violin.01.sforzando.keyOfA.Am6	The dirge: the target slows while it plays.	Likely	Sure	2
effect:disoriented	Close match	effect:confused	jb2a.dizzy_stars.400px.purple	psfx.impacts.magicaleffects.generic.002.001	Disoriented: the target loses its bearings.	Sure	Likely	0
effect:divine-foreknowledge	Close match	effect:foresight	jb2a.eyes.01.dark_yellow.single	psfx.magic-signs.rune.v1.divination.intro	Divine Foreknowledge: it knows what is coming.	Likely	Likely	0
effect:doomed	Close match	effect:banished	jb2a.condition.curse.01.015.purple	psfx.impacts.magicaleffects.psychic	Doomed: the mark of a bad end.	Likely	Likely	0
effect:fire-shielding	No proposed FX				Always on while it is worn or known — no moment to play.			
effect:fire-sphere	Close match	spell:magic-missile	jb2a.ioun_stones.01.red.intellect	psfx.casting.fire.001	Orbiting Spheres, fire: a red sphere circles the caster.	Likely	Sure	0
effect:fire-suffusion--flight	Close match	effect:flight	jb2a.shield_themed.above.fire.01.purple	psfx.casting.fire.001	Elemental Suffusion, fire: flame wraps the caster.	Sure	Sure	0
effect:flustered	Close match	effect:confused	jb2a.dizzy_stars.200px.pink	psfx.magic-signs.rune.v1.enchantment.intro	Flustered: the target is put off.	Likely	Likely	0
effect:fly-60-ft	Close match	effect:flight	jb2a.wind_lines.01.01.white	psfx.creature.movement.flight.wings.small	A flying speed: wind under the token.	Likely	Likely	0
effect:fortifying-soul	Close match	spell:cure-wounds	jb2a.healing_generic.200px.yellow	psfx.1st-level-spells.cure-wounds.v1.001	Fortifying Soul: the wounds close.	Sure	Sure	0
effect:frozen-haunt	Close match	effect:chill-shield	jb2a.icon.snowflake.blue	psfx.impacts.magicaleffects.cold	Frozen Haunt: the cold hangs around it.	Likely	Likely	0
effect:frozen-soul	No proposed FX				Always on while it is worn or known — no moment to play.			
effect:genies-splendor	No proposed FX				A passive trait — no moment to play.
effect:harper-training-deception	No proposed FX				A proficiency — no moment to play.
effect:harper-training-investigation	No proposed FX				A proficiency — no moment to play.
effect:harper-training-performance	No proposed FX				A proficiency — no moment to play.
effect:helpful-homunculi	Close match	spell:find-familiar	jb2a.fairies.loop.01.white	psfx.magic-signs.rune.v1.conjuration.complete	Helpful Homunculi: little helper spirits flit round the caster.	Likely	Likely	0
effect:holy-star-of-mystra	Close match	spell:guiding-bolt	jb2a.twinkling_stars.points06.white	psfx.class-features.divine-smite.v1.001.target	Holy Star of Mystra: a star orbits and strikes.	Likely	Likely	0
effect:killers-fortune-attack-advantage	No proposed FX				Bookkeeping for another ability, which plays the moment — nothing of its own to play.			
effect:lightning-shielding	No proposed FX				Always on while it is worn or known — no moment to play.			
effect:lightning-sphere	Close match	spell:magic-missile	jb2a.ioun_stones.01.blue.strength	psfx.weapon-swooshes.lightning.v1.group01	Orbiting Spheres, lightning: a yellow sphere circles the caster.	Likely	Sure	0
effect:lightning-suffusion--flight	Close match	effect:flight	jb2a.static_electricity.02.blue02	psfx.weapon-swooshes.lightning.v1.group01	Elemental Suffusion, lightning: the caster becomes the element and flies.	Sure	Sure	2
effect:lunar-vitality	Close match	spell:cure-wounds	jb2a.healing_generic.200px.blue	psfx.2nd-level-spells.moonbeam.intro.v1.001	Lunar Vitality: moonlight closes the wounds.	Sure	Sure	0
effect:mental-communication	No proposed FX				Always on while it is worn or known — no moment to play.			
effect:murderous-intent	No proposed FX				Always on while it is worn or known — no moment to play.			
effect:myrkul-necrotic-resistance	No proposed FX				Always on while it is worn or known — no moment to play.			
effect:noble-scion	No proposed FX				A background trait — no moment to play.
effect:orbiting-spheres	Close match	spell:magic-missile	jb2a.ioun_stones.01.purple.reserve	psfx.magic-signs.rune.v1.evocation.intro	Orbiting Spheres: spheres circle the caster.	Likely	Likely	0
effect:power-from-pain-bloodied-damage	No proposed FX				Bookkeeping for another ability, which plays the moment — nothing of its own to play.			
effect:rimed-hunters-mark	Close match	effect:outlined	jb2a.hunters_mark.loop.01.blue	psfx.impacts.magicaleffects.cold	Rimed Hunter's Mark: the quarry is marked in frost.	Sure	Sure	0
effect:semi-incorporeal-form	Close match	effect:ethereal	jb2a.shimmer.01.purple	psfx.magic-signs.rune.v1.transmutation.intro	Semi-Incorporeal: half here, half not.	Likely	Likely	1
effect:simbuls-synostodweomer	Close match	spell:cure-wounds	jb2a.healing_generic.200px.purple	psfx.1st-level-spells.cure-wounds.v1.001	Simbul's Synostodweomer: a slot becomes healing.	Sure	Sure	0
effect:strike-fear-terrify	Close match	effect:frightened	jb2a.markers.fear.dark_orange.02	psfx.impacts.magicaleffects.psychic	Strike Fear: the target is afraid.	Likely	Likely	0
effect:stronger-together	No proposed FX				Always on while it is worn or known — no moment to play.			
effect:stunned-chilled	Close match	effect:stunned	jb2a.side_impact.part.slow.snowflake.blue	psfx.impacts.magicaleffects.cold	Chilled and stunned: the cold stops the target.	Likely	Sure	0
effect:sylunes-viper	Close match	spell:magic-missile	jb2a.spell_projectile.poison.greenyellow	psfx.cantrips.poison-spray.v1	Sylune's Viper: a spectral snake strikes.	Likely	Likely	0
effect:team-tactics	Close match	spell:cure-wounds	jb2a.healing_generic.burst.greenorange	psfx.1st-level-spells.cure-wounds.v1.001	Team Tactics: the group is patched up.	Sure	Sure	2
effect:thunder-shielding	No proposed FX				Always on while it is worn or known — no moment to play.			
effect:thunder-sphere	Close match	spell:magic-missile	jb2a.ioun_stones.01.purple.absorption	psfx.cantrips.thunderclap.v1	Orbiting Spheres, thunder: a violet sphere circles the caster.	Likely	Sure	0
effect:thunder-suffusion--flight	Close match	effect:flight	jb2a.thunderwave.center.blue	psfx.cantrips.thunderclap.v1	Elemental Suffusion, thunder: the caster becomes the element and flies.	Likely	Sure	3
effect:unfettered-mind	No proposed FX				A passive trait — no moment to play.
effect:venom	Close match	effect:lingering-acid	jb2a.side_impact.poison.green_yellow	psfx.cantrips.poison-spray.v1	Venom: the target is poisoned.	Likely	Likely	0
effect:vigilant	Close match	effect:alertness	jb2a.particles.swirl.blue.02.01	psfx.magic-signs.rune.v1.divination.intro	Vigilant: nothing gets past.	Likely	Likely	0
effect:withering-wordplay	Close match	effect:mocked	jb2a.impact_themed.music_note.02.pink	psfx.impacts.magicaleffects.psychic	Withering Wordplay: the words land in a burst of notes.	Likely	Likely	0
effect:zhentarim-reconnaissnace	No proposed FX				A proficiency — no moment to play.
feature:absorb-spells	No proposed FX				A passive benefit — no moment to play.			
feature:aura-of-elemental-shielding	No proposed FX				A passive benefit — no moment to play.			
feature:aura-of-malevolence	Close match	effect:lingering-acid	jb2a.template_circle.aura.01.loop.large.green	psfx.impacts.magicaleffects.necrotic	Aura of Malevolence: what is near it withers.	Likely	Likely	0
feature:banneret	No proposed FX				A subclass name, not an ability — nothing to play.
feature:bladesinger	No proposed FX				A subclass name, not an ability — nothing to play.
feature:bladesong	Close match	effect:hasted	jb2a.token_border.circle.spinning.blue.009	psfx.musical-instruments.violin.01.sforzando.keyOfA.A6	Bladesong: the elf's blade sings.	Likely	Likely	0
feature:blessing-of-moonlight	Close match	effect:blessed	jb2a.bless.200px.loop.blue	psfx.2nd-level-spells.moonbeam.intro.v1.001	Blessing of Moonlight: cold light on the blessed.	Likely	Sure	0
feature:blessings-of-knowledge	No proposed FX				A proficiency — no moment to play.
feature:bloodthirst	Close match	effect:rage	jb2a.markers.on_token_mask.complete.01.red	psfx.impacts.magicaleffects.necrotic	Bloodthirst: it wants more.	Likely	Likely	0
feature:boon-of-bloodshed	No proposed FX				A passive trait — no moment to play.
feature:boon-of-bountiful-health	Close match	spell:cure-wounds	jb2a.healing_generic.200px.green	psfx.1st-level-spells.cure-wounds.v1.001	Boon of Bountiful Health: temporary hit points and healing.	Sure	Sure	0
feature:boon-of-communication	No proposed FX				The record has no activity, so nothing at the table plays it.			
feature:boon-of-desperate-resilience	No proposed FX				A passive trait — no moment to play.
feature:boon-of-exquisite-radiance	Close match	effect:shining	jb2a.markers.light.outro.yellow	psfx.class-features.divine-smite.v1.001.caster	Boon of Exquisite Radiance: it shines.	Likely	Likely	0
feature:boon-of-fluid-forms	Close match	spell:polymorph	jb2a.magic_signs.circle.02.transmutation.intro.dark_blue	psfx.magic-signs.circle.v1.transmutation.complete	Boon of Fluid Forms: it changes shape.	Likely	Sure	0
feature:boon-of-fortunes-favor	Close match	effect:outlined	jb2a.icosahedron.star.below.blueyellow	psfx.magic-signs.rune.v1.divination.intro	Boon of Fortune's Favor: a lucky d20 circle under the boon-holder.	Sure	Likely	0
feature:boon-of-poison-mastery	Close match	effect:lingering-acid	jb2a.markers.poison.dark_green.03	psfx.cantrips.poison-spray.v1	Boon of Poison Mastery: the poison is its own.	Likely	Likely	0
feature:boon-of-revelry	No proposed FX				A background boon — no moment to play.
feature:boon-of-terror	Close match	effect:frightened	jb2a.template_circle.symbol.out_flow.fear.dark_purple	psfx.impacts.magicaleffects.psychic	Boon of Terror: fear flows out from the boon-holder.	Sure	Likely	0
feature:boon-of-the-bright-sun	Close match	effect:shining	jb2a.energy_field.01.yellow	psfx.cantrips.light.v1.001	Boon of the Bright Sun: the sun comes with them.	Likely	Likely	0
feature:boon-of-the-furious-storm	No proposed FX				A passive benefit — no moment to play.			
feature:boon-of-the-soul-drinker	Close match	spell:cure-wounds	jb2a.energy_strands.range.multiple.bluepink.02	psfx.impacts.magicaleffects.necrotic	Boon of the Soul Drinker: it drinks at range.	Likely	Likely	1
feature:chilling-retribution	Close match	effect:chill-shield	jb2a.side_impact.part.fast.ice_shard.blue	psfx.impacts.magicaleffects.cold	Chilling Retribution: the cold answers back.	Sure	Sure	0
feature:chondathan-freebooter	No proposed FX				A background name, not an ability — nothing to play.
feature:cold-caster	Close match	effect:heated-metal	jb2a.markers.snowflake.dark_blue.01	psfx.impacts.magicaleffects.cold	Cold Caster: the caster's spells run cold.	Likely	Likely	0
feature:college-moon	No proposed FX				A subclass name, not an ability — nothing to play.
feature:crown-of-spellfire	Close match	effect:shining	jb2a.markers.on_token_mask.complete.01.yellow	psfx.class-features.divine-smite.v1.001.caster	Crown of Spellfire: the spellfire crowns its wielder.	Likely	Likely	0
feature:cult-of-the-dragon-initiate	Close match	spell:burning-hands	jb2a.breath_weapons02.burst.cone.fire.orange.02	psfx.creature.dragons.attacks.breath.small.fire	Cult of the Dragon Initiate: a small dragon's breath.	Sure	Sure	0
feature:dead-magic-dweller	No proposed FX				A background name, not an ability — nothing to play.
feature:divine-foreknowledge	Close match	effect:foresight	jb2a.eyes.01.dark_yellow.single	psfx.magic-signs.rune.v1.divination.intro	Divine Foreknowledge: it knows what is coming.	Likely	Likely	0
feature:dragon-cultist	No proposed FX				A background name, not an ability — nothing to play.
feature:dragonscarred	Close match	spell:burning-hands	jb2a.breath_weapons.fire.cone.orange.02	psfx.creature.dragons.attacks.breath.small.fire	Dragonscarred: a breath of its own.	Sure	Sure	0
feature:dread-allegiance	Close match	effect:banished	jb2a.magic_signs.circle.02.necromancy.intro.dark_purple	psfx.impacts.magicaleffects.necrotic	Dread Allegiance: the dead god answers.	Likely	Likely	0
feature:dread-incarnate	Close match	effect:frightened	jb2a.markers.horror.purple.01	psfx.impacts.magicaleffects.psychic	Dread Incarnate: it becomes the fear.	Likely	Likely	0
feature:elemental-rebuke	Close match	spell:magic-missile	jb2a.side_impact.part.shockwave.purple	psfx.impacts.magicaleffects.generic.002.001	Elemental Rebuke: the element answers back.	Likely	Likely	0
feature:elemental-smite	Close match	spell:spiritual-weapon	jb2a.divine_smite.target.orange	psfx.class-features.divine-smite.v1.001.target	Elemental Smite: the blow carries the element.	Likely	Sure	9
feature:emerald-enclave-caretaker	No proposed FX				A background name, not an ability — nothing to play.
feature:emerald-enclave-fledgling	No proposed FX				A background feat — no moment to play.
feature:enclave-magic	No proposed FX				Spells gained — each has its own FX.
feature:eventides-splendor	Close match	spell:cure-wounds	jb2a.healing_generic.200px.blue	psfx.2nd-level-spells.moonbeam.intro.v1.001	Eventide's Splendor: moonlight closes the wounds.	Sure	Sure	0
feature:fairy-trickster	Close match	effect:confused	jb2a.fairies.outward_burst.01.bluepurple	psfx.magic-signs.rune.v1.enchantment.intro	Fairy Trickster: fey mischief.	Sure	Likely	0
feature:flaming-fist-mercenary	No proposed FX				A background name, not an ability — nothing to play.
feature:fortifying-soul	Close match	spell:cure-wounds	jb2a.healing_generic.200px.yellow	psfx.1st-level-spells.cure-wounds.v1.001	Fortifying Soul: the wounds close.	Sure	Sure	0
feature:frigid-explorer	Close match	effect:heated-metal	jb2a.side_impact.ice_shard.blue	psfx.impacts.magicaleffects.cold	Frigid Explorer: cold on the blow.	Sure	Sure	0
feature:frozen-haunt	Close match	effect:chill-shield	jb2a.icon.snowflake.blue	psfx.impacts.magicaleffects.cold	Frozen Haunt: the cold hangs around it.	Likely	Likely	0
feature:genie-magic	No proposed FX				Spells gained — each has its own FX.
feature:genie-spells	No proposed FX				A spell list — each spell has its own FX.
feature:genie-touched	No proposed FX				A background name, not an ability — nothing to play.
feature:genies-splendor	No proposed FX				A passive trait — no moment to play.
feature:group-recovery	Close match	spell:cure-wounds	jb2a.healing_generic.burst.greenorange	psfx.1st-level-spells.cure-wounds.v1.001	Group Recovery: the party is patched up.	Sure	Sure	2
feature:harper	No proposed FX				A background name, not an ability — nothing to play.
feature:harper-agent	No proposed FX				A background feat — no moment to play.
feature:harper-teamwork	No proposed FX				A proficiency — no moment to play.
feature:honed-spellfire	Close match	spell:guiding-bolt	jb2a.on_token_cast.initiate.001.instant.combined.orangeyellow	psfx.class-features.divine-smite.v1.001.caster	Honed Spellfire: a golden spiral of spellfire.	Likely	Likely	0
feature:hunters-rime	Close match	effect:outlined	jb2a.hunters_mark.loop.01.blue	psfx.impacts.magicaleffects.cold	Hunter's Rime: the quarry is marked in frost.	Sure	Sure	0
feature:ice-fisher	No proposed FX				A background name, not an ability — nothing to play.
feature:inspiring-commander	No proposed FX				A passive trait — no moment to play.
feature:knight-of-the-gauntlet	No proposed FX				A background name, not an ability — nothing to play.
feature:knightly-envoy	No proposed FX				A passive trait — no moment to play.
feature:knowledge-domain	No proposed FX				A subclass name, not an ability — nothing to play.
feature:knowledge-domain-spells	No proposed FX				A spell list — each spell has its own FX.
feature:lordly-resolve	Close match	effect:courageous	jb2a.condition.boon.02.010.refraction	psfx.conditions.boon.001.01	Lordly Resolve: everyone near takes heart.	Likely	Likely	0
feature:lords-alliance-agent	No proposed FX				A background feat — no moment to play.
feature:lords-alliance-vassal	No proposed FX				A background name, not an ability — nothing to play.
feature:mind-magic	Close match	effect:carrying-message	jb2a.side_impact.part.slow.spiral.pinkpurple	psfx.impacts.magicaleffects.psychic	Mind Magic: it works on the mind.	Likely	Likely	0
feature:moons-inspiration	Close match	spell:cure-wounds	jb2a.healing_generic.200px.blue	psfx.class-features.bardic-inspiration.v1.keyOfC.001	Moon's Inspiration: inspiration in moonlight.	Likely	Sure	0
feature:moonwell-pilgrim	No proposed FX				A background name, not an ability — nothing to play.
feature:mulhorandi-pilgrim	No proposed FX				A background name, not an ability — nothing to play.
feature:mythal-touched	No proposed FX				A background feat — no moment to play.
feature:mythalkeeper	No proposed FX				A background name, not an ability — nothing to play.
feature:noble-scion	No proposed FX				A background trait — no moment to play.
feature:oath-of-the-noble-genies	No proposed FX				A subclass name, not an ability — nothing to play.
feature:orders-resilience	No proposed FX				A passive trait — no moment to play.
feature:primal-lore	No proposed FX				A proficiency — no moment to play.
feature:purple-dragon-commandant	Close match	effect:courageous	jb2a.condition.boon.02.012.refraction	psfx.conditions.boon.001.01	Purple Dragon Commandant: temporary hit points to the company.	Likely	Likely	0
feature:purple-dragon-rook	No proposed FX				A passive benefit — no moment to play.			
feature:purple-dragon-squire	No proposed FX				A background name, not an ability — nothing to play.
feature:rallying-surge	Close match	effect:courageous	jb2a.particles.outward.orange.02.02	psfx.conditions.boon.001.01	Rallying Surge: everyone near takes heart.	Likely	Likely	0
feature:rashemi-wanderer	No proposed FX				A background name, not an ability — nothing to play.
feature:scion-of-the-three	No proposed FX				A background name, not an ability — nothing to play.
feature:shadowmasters-exile	No proposed FX				A background name, not an ability — nothing to play.
feature:shared-resilience	Close match	spell:bless	jb2a.template_circle.aura.01.loop.large.bluepurple	psfx.magic-signs.circle.v1.abjuration.loop	Shared Resilience: the ward covers the party.	Likely	Likely	0
feature:song-of-defense	Close match	spell:mage-armor	jb2a.markers.shield.blue.03	psfx.musical-instruments.violin.01.sforzando.keyOfA.A6	Song of Defense: the song turns the blow.	Likely	Likely	0
feature:song-of-victory	No proposed FX				A passive trait — no moment to play.
feature:spellfire-adept	Close match	effect:shining	jb2a.on_token_cast.initiate.001.instant.part01.orangeyellow	psfx.class-features.divine-smite.v1.001.caster	Spellfire Adept: the spellfire answers.	Likely	Likely	0
feature:spellfire-burst	Close match	spell:guiding-bolt	jb2a.template_circle.aura.03.outward.004.complete.combined.orangeyellow	psfx.class-features.divine-smite.v1.001.caster	Spellfire Burst: the spellfire goes out in a wave.	Likely	Likely	0
feature:spellfire-initiate	No proposed FX				A subclass name, not an ability — nothing to play.
feature:spellfire-sorcery	No proposed FX				A subclass name, not an ability — nothing to play.
feature:spellfire-spark	Close match	spell:cure-wounds	jb2a.healing_generic.200px.yellow	psfx.class-features.divine-smite.v1.001.caster	Spellfire Spark: a spark of spellfire heals.	Likely	Likely	0
feature:spellfire-spells	No proposed FX				A spell list — each spell has its own FX.
feature:street-justice	No proposed FX				A proficiency — no moment to play.
feature:strike-fear	Close match	effect:frightened	jb2a.markers.fear.dark_orange.02	psfx.impacts.magicaleffects.psychic	Strike Fear: the target is afraid.	Likely	Likely	0
feature:team-tactics	Close match	spell:cure-wounds	jb2a.healing_generic.burst.greenorange	psfx.1st-level-spells.cure-wounds.v1.001	Team Tactics: the group is patched up.	Sure	Sure	2
feature:training-in-war-and-song	No proposed FX				A proficiency — no moment to play.
feature:tyro-of-the-gauntlet	No proposed FX				A background feat — no moment to play.
feature:unfettered-mind	No proposed FX				A passive trait — no moment to play.
feature:winter-walker	No proposed FX				A subclass name, not an ability — nothing to play.
feature:winter-walker-spells	No proposed FX				A spell list — each spell has its own FX.
feature:zhentarim-mercenary	No proposed FX				A background name, not an ability — nothing to play.
feature:zhentarim-ruffian	No proposed FX				A background feat — no moment to play.
feature:zhentarim-tactics	No proposed FX				A passive trait — no moment to play.
spell:mooncloak	Close match	spell:moonbeam	jb2a.moonbeam.01.no_pulse.blue	psfx.2nd-level-spells.moonbeam.intro.v1.001	Mooncloak: moonlight fills the emanation.	Sure	Sure	0
spell:cacophonic-shield	Close match	spell:shatter	jb2a.template_circle.out_pulse.01.loop.purplepink	psfx.cantrips.thunderclap.v1	Cacophonic Shield: a ring of noise round the caster.	Likely	Sure	0
spell:dirge	Close match	effect:frightened	jb2a.markers.music.dark_red	psfx.musical-instruments.violin.01.sforzando.keyOfA.Am6	Dirge: the song of the grave.	Likely	Sure	2
spell:elusion	Close match	effect:elminsters-elusion	jb2a.aura_themed.01.orbit.loop.metal.01.teal	psfx.1st-level-spells.shield-spell.intro.v1	Elusion: the same ward Elminster's Elusion already plays.	Likely	Likely	1
spell:elemental-suffusion	Close match	spell:cone-of-cold	jb2a.particles.outward.purple.02.02	psfx.casting.generic-v2.001.01	Elemental Suffusion: the caster becomes the element.	Likely	Likely	0
