effect:0-ft-speed	Close match	effect:reduced-movement	jb2a.icon.snowflake.dark_blue	psfx.impacts.magicaleffects.cold	Frozen in place: the snowflake mark.	Likely	Sure	0
effect:1-2-speed	Close match	effect:reduced-movement	jb2a.token_border.circle.static.orange.004	psfx.impacts.magicaleffects.fire	Scorching Sands: the target is slowed.	Maybe	Likely	2
effect:1-2-speed--action-restrictions	Close match	effect:reduced-movement	jb2a.token_border.circle.static.blue.004	psfx.impacts.magicaleffects.cold	Slowing Breath: the target is slowed and limited.	Maybe	Likely	2
effect:1-charmed	Close match	effect:charmed	jb2a.markers.heart.dark_red.02	psfx.impacts.magicaleffects.necrotic	Chaos Blade: the target is charmed — one of four faces the blade turns up.	Likely	Likely	0
effect:2-ac	No proposed FX				A bonus to AC — no moment to play.
effect:2-frightened	Close match	effect:frightened	jb2a.markers.fear.dark_red.02	psfx.impacts.magicaleffects.necrotic	Chaos Blade: the target is frightened.	Likely	Likely	0
effect:3-ac	No proposed FX				A bonus to AC — no moment to play.
effect:3-poisoned	Close match	effect:lingering-acid	jb2a.markers.poison.purple.02	psfx.impacts.magicaleffects.necrotic	Chaos Blade: the target is poisoned.	Likely	Likely	0
effect:4-incapacitated	Close match	effect:stunned	jb2a.dizzy_stars.400px.blueorange	psfx.impacts.magicaleffects.necrotic	Chaos Blade: the target is incapacitated.	Likely	Likely	0
effect:acid-absorption	No proposed FX				Always on while it is worn or known — no moment to play.			
effect:adv-attacks--saves	Close match	effect:courageous	jb2a.condition.boon.01.001.green	psfx.impacts.magicaleffects.necrotic	Marshal Undead: the dead are steadied.	Maybe	Likely	1
effect:aiming-attack-advantage	Close match	effect:outlined	jb2a.hunters_mark.pulse.06.green	psfx.magic-signs.rune.v1.divination.intro	Aim: the shot is lined up.	Likely	Likely	0
effect:animate-trees	Close match	spell:conjure-animals	jb2a.vine.complete.nature.group.03.green	psfx.casting.earth.001	Animate Trees: roots tear up and the trees stand.	Likely	Sure	0
effect:apply-hide-action-to-target	Close match	spell:invisibility	jb2a.smoke.puff.side.green	psfx.magic-signs.rune.v1.illusion.intro	Nimble Escape: the goblin is gone.	Likely	Likely	0
effect:attached-blinded	Close match	effect:ensnared	jb2a.markers.chain.spike.loop.02.grey	psfx.impacts.slashing.v1	Attached: the thing is on the target's face.	Likely	Likely	0
effect:attack-advantage	Close match	effect:courageous	jb2a.condition.boon.02.009.refraction	psfx.conditions.boon.001.01	War Cry: a wolf-head boon on the pack.	Likely	Likely	0
effect:attacks-disadvantage	Close match	effect:searing-radiance	jb2a.markers.light.intro.blue02	psfx.class-features.divine-smite.v1.001.target	Flash of Light: the target cannot see straight.	Likely	Likely	0
effect:averse	No proposed FX				Bookkeeping for another ability, which plays the moment — nothing of its own to play.			
effect:banished-incapacitated	Close match	effect:banished	jb2a.portals.horizontal.ring_masked.dark_purple	psfx.magic-signs.circle.v1.abjuration.complete	Banish: the target drops out of the world.	Likely	Likely	0
effect:beast-of-burden	No proposed FX				A carrying capacity — no moment to play.
effect:bewildered	Close match	effect:confused	jb2a.dizzy_stars.200px.purple	psfx.impacts.magicaleffects.psychic	Lordly Presence: the target is bewildered.	Likely	Likely	0
effect:blinded--deafened	Close match	effect:searing-radiance	jb2a.impact.sound.01.pinkteal	psfx.weapon-swooshes.lightning.v1.group01	Thunderbolt: a blast of sound and light.	Likely	Likely	0
effect:blinded--poisoned	Close match	effect:lingering-acid	jb2a.smoke.plumes.01.dark_green	psfx.cantrips.poison-spray.v1	Toxic Ink: a choking cloud of ink.	Likely	Likely	0
effect:blinded--suffocating	Close match	effect:ensnared	jb2a.markers.chain.square.loop.02.grey	psfx.impacts.bludgeoning.v1	Crush: the target cannot see or breathe.	Likely	Likely	0
effect:blinded-heavily-obscured	Close match	spell:darkness	jb2a.darkness.black	psfx.casting.water.001	Ink Cloud: everything goes dark.	Sure	Likely	9
effect:blinded-restrained-and-total-cover	Close match	effect:ensnared	jb2a.markers.bubble.loop.green	psfx.impacts.magicaleffects.generic.002.001	Swallowed: the target is inside.	Likely	Likely	0
effect:bolstered-test-advantage	Close match	effect:courageous	jb2a.condition.boon.01.020.yellow	psfx.conditions.boon.001.01	Bolster: temporary hit points and a steadier hand.	Likely	Likely	0
effect:charmed--frightened	Close match	effect:courageous	jb2a.template_circle.symbol.out_flow.shield.green	psfx.conditions.boon.001.01	Aura of Bravery: shields flow out round the brave.	Likely	Likely	0
effect:charmed--incapacitated	Close match	effect:charmed	jb2a.side_impact.part.slow.heart.pinkyellow	psfx.magic-signs.rune.v1.enchantment.intro	Captivated: the target cannot look away.	Likely	Likely	0
effect:clinging-flames-burning	Close match	effect:burning	jb2a.flames.orange.03.1x1	psfx.casting.fire.001	Cataclysm, the fire: flames cling to the target.	Sure	Sure	0
effect:clouded	Close match	effect:lingering-acid	jb2a.fog_cloud.02.green	psfx.cantrips.poison-spray.v1	Cloud of Insects: the swarm is on the target.	Maybe	Maybe	5
effect:concentrating	No proposed FX				Concentration held — no moment to play.
effect:cursed	Close match	effect:banished	jb2a.condition.curse.01.024.purple	psfx.magic-signs.rune.v1.necromancy.intro	Curse of the Riddle: the curse sits on the target.	Likely	Likely	0
effect:cursed-disadv-checks--saves	Close match	effect:banished	jb2a.condition.curse.01.021.green	psfx.magic-signs.rune.v1.necromancy.intro	Spiteful Escape: the parting curse.	Likely	Likely	0
effect:cursed-no-reaction	Close match	effect:heated-metal	jb2a.static_electricity.03.blue02	psfx.weapon-swooshes.lightning.v1.group01	Crackling Wave: the target cannot react.	Likely	Sure	0
effect:damaged-1-ac	Close match	effect:lingering-acid	jb2a.markers.shield_cracked.dark_red.01	psfx.cantrips.acid-splash.v1	Dissolving Pseudopod: the armour is eaten away.	Likely	Sure	0
effect:damaged-1-ac-attack	No proposed FX				A lasting enchantment on the item — no moment to play.			
effect:damaged-1-attack	No proposed FX				A lasting enchantment on the item — no moment to play.			
effect:damaged-2-ac	Close match	effect:lingering-acid	jb2a.markers.shield_cracked.purple.02	psfx.cantrips.poison-spray.v1	Noxious Miasma: the armour is eaten away.	Likely	Likely	0
effect:deafened--frightened	Close match	effect:frightened	jb2a.markers.fear.dark_orange.03	psfx.cantrips.thunderclap.v1	Thunderous Bellow: deafened and afraid.	Likely	Sure	2
effect:deafened-and-disadvantaged	Close match	effect:frightened	jb2a.icon.mute.dark_red	psfx.cantrips.thunderclap.v1	Cacophony: the target cannot hear itself think.	Sure	Likely	0
effect:defense-4-ac	No proposed FX				A bonus to AC — no moment to play.
effect:disadv-attacks	Close match	effect:burning	jb2a.impact.fire.01.orange	psfx.weapon-swooshes.fire.v1.group01	Hammer Throw: the target is scorched and knocked back.	Likely	Sure	0
effect:disadv-attacks--checks	Close match	effect:frightened	jb2a.markers.fear.orange.03	psfx.casting.fire.001	Fear of Fire: the creature cannot look at it.	Likely	Likely	2
effect:disadv-attacks--saves	No proposed FX				Always on while it is worn or known — no moment to play.			
effect:exhaustion	Close match	effect:stunned	jb2a.markers.skull.dark_orange.02	psfx.casting.fire.001	Inferno Blast: the exhaustion after — all six levels read the same.	Likely	Likely	0
effect:exhaustion-1	Close match	effect:stunned	jb2a.markers.skull.dark_orange.01	psfx.impacts.magicaleffects.necrotic	Loathsome Limbs: exhaustion — all six levels read the same.	Likely	Likely	1
effect:exhaustion-2	Close match	effect:stunned	jb2a.markers.skull.dark_orange.02	psfx.impacts.magicaleffects.necrotic	Loathsome Limbs: exhaustion.	Likely	Likely	0
effect:exhaustion-3	Close match	effect:stunned	jb2a.markers.skull.dark_orange.03	psfx.impacts.magicaleffects.necrotic	Loathsome Limbs: exhaustion.	Likely	Likely	0
effect:exhaustion-4	Close match	effect:stunned	jb2a.markers.skull.dark_red.02	psfx.impacts.magicaleffects.necrotic	Loathsome Limbs: exhaustion.	Likely	Likely	0
effect:exhaustion-5	Close match	effect:stunned	jb2a.markers.skull.dark_red.01	psfx.impacts.magicaleffects.necrotic	Loathsome Limbs: exhaustion.	Likely	Likely	1
effect:exhaustion-dead	Close match	effect:stunned	jb2a.markers.skull.dark_red.03	psfx.cantrips.toll-the-dead.ominous-bell.001	Loathsome Limbs: the sixth level, and the creature is gone.	Likely	Sure	0
effect:failure-dead	Close match	effect:stunned	jb2a.markers.skull.purple.02	psfx.cantrips.toll-the-dead.ominous-bell.001	Consume Life: the target dies.	Likely	Sure	0
effect:forager-appearance	No proposed FX				A change of appearance — no moment to play.
effect:freezing-waves-zero-speed	Close match	effect:reduced-movement	jb2a.icon.snowflake.blue	psfx.5th-level-spells.cone-of-cold.v1.001	Cataclysm, the cold: the target is frozen in place.	Likely	Sure	0
effect:frightened--incapacitated	Close match	effect:frightened	jb2a.markers.horror.dark_teal.01	psfx.impacts.magicaleffects.psychic	Baleful Command: the target is undone.	Likely	Likely	0
effect:frightened--paralyzed	Close match	effect:stunned	jb2a.icon.stun.purple	psfx.impacts.magicaleffects.psychic	Terrifying Glare: the target cannot move.	Likely	Likely	0
effect:giggling	Close match	effect:uncontrollable-laughter	jb2a.side_impact.part.slow.music_note.pink	psfx.impacts.magicaleffects.psychic	Giggling Magic: the target dissolves into laughter.	Likely	Likely	0
effect:glob-restrained	Close match	effect:ensnared	jb2a.liquid.splash_side.bright_green	psfx.cantrips.acid-splash.v1	Restraining Glob: a slimy glob sticks the target.	Likely	Sure	0
effect:grafted-con-saves-and-restrained	Close match	effect:ensnared	jb2a.vine.loop.void.single.01.dark_pinkpurple	psfx.impacts.magicaleffects.necrotic	Absorb Body: the target is being drawn in.	Likely	Likely	0
effect:grappled--other-conditions	Close match	effect:ensnared	jb2a.markers.chain.square.loop.02.purple	psfx.impacts.bludgeoning.v1	Smother: the target is held.	Likely	Likely	0
effect:grappled--restrained	Close match	effect:ensnared	jb2a.markers.chain.diamond.loop.01.grey	psfx.impacts.bludgeoning.v1	Chained: the target is held.	Sure	Likely	0
effect:grappled--suffocating	Close match	effect:ensnared	jb2a.markers.chain.spike.loop.02.purple	psfx.impacts.magicaleffects.necrotic	Suffocate: the target cannot breathe.	Likely	Likely	0
effect:grappled-and-restrained	Close match	effect:ensnared	jb2a.markers.chain.standard.complete.02.grey	psfx.impacts.slashing.v1	Claws: the target is caught.	Likely	Likely	0
effect:half-speed-no-reactions	Close match	effect:slowed	jb2a.token_border.circle.static.purple.004	psfx.impacts.magicaleffects.psychic	An eye ray: the target is slowed.	Maybe	Likely	2
effect:healing-restriction	Close match	effect:lingering-acid	jb2a.markers.skull.dark_green.03	psfx.weapon-swooshes.necrotic.v1.group01	Dread Scythe: the wound will not close.	Likely	Sure	0
effect:hide	Close match	spell:invisibility	jb2a.smoke.puff.centered.dark_black	psfx.magic-signs.rune.v1.illusion.intro	Shadow Stealth: the shadow is gone.	Likely	Likely	0
effect:hit-str-score-1	Close match	effect:stunned	jb2a.markers.skull.purple.03	psfx.impacts.magicaleffects.necrotic	Draining Swipe: the strength is taken — all four tiers read the same.	Likely	Likely	0
effect:hit-str-score-2	Close match	effect:stunned	jb2a.markers.skull.purple.03	psfx.impacts.magicaleffects.necrotic	Draining Swipe: the strength is taken.	Likely	Likely	0
effect:hit-str-score-3	Close match	effect:stunned	jb2a.markers.skull.purple.03	psfx.impacts.magicaleffects.necrotic	Draining Swipe: the strength is taken.	Likely	Likely	0
effect:hit-str-score-4	Close match	effect:stunned	jb2a.markers.skull.purple.03	psfx.impacts.magicaleffects.necrotic	Draining Swipe: the strength is taken.	Likely	Likely	0
effect:hunter-appearance	No proposed FX				A change of appearance — no moment to play.
effect:hunter-marked-as-prey	Close match	effect:outlined	jb2a.hunters_mark.loop.01.red	psfx.magic-signs.rune.v1.divination.loop	Animal Spirit: the prey is marked.	Sure	Likely	0
effect:languages	No proposed FX				A language taken with the body — no moment to play.
effect:living-shadow	No proposed FX				A passive trait — no moment to play.
effect:no-opportunity-attacks	Close match	effect:heated-metal	jb2a.static_electricity.03.dark_purple	psfx.weapon-swooshes.lightning.v1.group01	Bone Whip: the target cannot make opportunity attacks.	Likely	Sure	0
effect:no-reaction	Close match	effect:confused	jb2a.dizzy_stars.200px.blueorange	psfx.impacts.magicaleffects.psychic	Confusing Gaze: the target cannot react.	Likely	Likely	0
effect:petrified	Close match	spell:flesh-to-stone	jb2a.impact.earth.01.browngreen	psfx.casting.earth.001	Petrified: stone dust bursts off the target as it hardens.	Likely	Sure	0
effect:poison-resistance	No proposed FX				Always on while it is worn or known — no moment to play.			
effect:poisoned--blinded	Close match	effect:lingering-acid	jb2a.markers.poison.dark_green.01	psfx.cantrips.poison-spray.v1	Poison Spray: poisoned and blinded.	Likely	Sure	0
effect:poisoned--paralyzed	Close match	effect:stunned	jb2a.icon.stun.dark_teal	psfx.cantrips.poison-spray.v1	Paralyzing Tentacles: poisoned and held.	Likely	Likely	0
effect:poisoned-and-incapacitated	Close match	effect:lingering-acid	jb2a.side_impact.poison.green_yellow	psfx.cantrips.poison-spray.v1	Toxic Escape: poisoned and undone.	Likely	Likely	0
effect:prey-attack-advantage	Close match	effect:outlined	jb2a.hunters_mark.loop.02.green	psfx.magic-signs.rune.v1.divination.loop	Marked as Prey: the quarry is named.	Sure	Likely	0
effect:prone--restrained	Close match	effect:ensnared	jb2a.markers.chain.square.loop.01.red	psfx.casting.fire.001	Smelting Charge: the target is down and pinned.	Likely	Likely	0
effect:raging-storm-blind-deaf-verbal-components	Close match	effect:searing-radiance	jb2a.impact.sound.01.pinkteal	psfx.cantrips.thunderclap.v1	Cataclysm, the storm: nobody can see or hear.	Likely	Sure	0
effect:rallied	Close match	effect:courageous	jb2a.condition.boon.02.001.refraction	psfx.conditions.boon.001.01	Rally: the troops take heart.	Likely	Likely	0
effect:resistance-acid	No proposed FX				Always on while it is worn or known — no moment to play.			
effect:resistance-cold	No proposed FX				Always on while it is worn or known — no moment to play.			
effect:resistance-fire	No proposed FX				Bookkeeping for another ability, which plays the moment — nothing of its own to play.			
effect:resistance-lightning	No proposed FX				Always on while it is worn or known — no moment to play.			
effect:resistance-thunder	No proposed FX				Always on while it is worn or known — no moment to play.			
effect:response-4-ac	No proposed FX				A bonus to AC — no moment to play.
effect:sage-appearance	No proposed FX				A change of appearance — no moment to play.
effect:sage-pesky-swarm	Close match	effect:lingering-acid	jb2a.markers.poison.dark_green.03	psfx.cantrips.poison-spray.v1	Animal Spirit: the swarm is on the target.	Maybe	Maybe	0
effect:self-attack-adv0-speed	Close match	effect:ensnared	jb2a.markers.chain.standard.loop.01.red	psfx.impacts.bludgeoning.v1	Crush: the target is pinned.	Likely	Likely	0
effect:shielded	Close match	spell:mage-armor	jb2a.shield.02.intro.blue	psfx.magic-signs.rune.v1.abjuration.intro	Shimmering Shield: temporary hit points and a ward.	Likely	Likely	0
effect:speed-10	Close match	effect:reduced-movement	jb2a.side_impact.part.slow.snowflake.blue	psfx.impacts.magicaleffects.cold	Ice Spear: the cold slows the target.	Likely	Sure	0
effect:speed-10-feet	Close match	effect:reduced-movement	jb2a.markers.snowflake.dark_blue.03	psfx.impacts.magicaleffects.cold	Ocean Spear: the cold slows the target.	Likely	Sure	0
effect:speed-10-ft	Close match	effect:reduced-movement	jb2a.side_impact.part.fast.ice_shard.blue	psfx.impacts.magicaleffects.cold	Great Bow: the cold arrow slows the target.	Likely	Sure	0
effect:speed-20-ft	Close match	effect:reduced-movement	jb2a.icon.snowflake.dark_blue	psfx.impacts.magicaleffects.cold	Freeze: the target slows.	Likely	Sure	0
effect:speed-5-ft	Close match	effect:reduced-movement	jb2a.markers.snowflake.blue.02	psfx.impacts.magicaleffects.cold	Icy Bite: the target slows.	Likely	Sure	0
effect:swallowing-earth-restrained-cover-suffocating	Close match	effect:ensnared	jb2a.impact.earth.01.browngreen	psfx.casting.earth.001	Cataclysm, the earth: the ground takes the target.	Likely	Sure	0
effect:target-disadvantage	Close match	effect:lingering-acid	jb2a.markers.poison.dark_green.03	psfx.cantrips.poison-spray.v1	Pesky Swarm: the swarm is in the target's face.	Maybe	Maybe	0
effect:target-grappled--restrained	Close match	effect:ensnared	jb2a.vine.loop.nature.single.01.green	psfx.impacts.magicaleffects.necrotic	Life-Draining Root: the root has the target.	Likely	Likely	0
effect:telepathy-30-ft	Close match	effect:carrying-message	jb2a.particles.outward.greenyellow.02.02	psfx.magic-signs.rune.v1.divination.intro	Rapport Spores: spores carry a thought.	Likely	Likely	0
effect:total-cover	No proposed FX				Cover taken — no moment to play.
effect:total-cover-suffocating--restrained	Close match	effect:ensnared	jb2a.markers.bubble.loop.green	psfx.impacts.magicaleffects.generic.002.001	Engulf: the target is inside.	Likely	Likely	0
effect:trapped-incapacitated	Close match	effect:banished	jb2a.portals.horizontal.ring_masked.dark_purple	psfx.impacts.magicaleffects.psychic	Banishing Claw: the target is put elsewhere.	Likely	Likely	0
effect:unconscious	Close match	effect:sleeping	jb2a.sleep.target.dark_purple	psfx.1st-level-spells.sleep.v1.001	Drone: the target goes under.	Sure	Sure	0
effect:weakened	Close match	effect:stunned	jb2a.condition.curse.01.010.purple	psfx.impacts.magicaleffects.necrotic	Weakening Breath: the target is weakened.	Likely	Likely	0
