effect:acrobatic-guidance	Close match	effect:divine-favor	jb2a.markers.light.intro.blue	psfx.magic-signs.rune.v1.divination.intro	Guidance: a small light at the token, one of eighteen skills — all eighteen read the same.	Likely	Likely	0
effect:altered-appearance	Close match	effect:bark-like-skin	jb2a.magic_signs.circle.02.transmutation.intro.dark_green	psfx.magic-signs.rune.v1.transmutation.intro	Alter Self: the body shifts, a green shimmer over the token.	Likely	Likely	0
effect:animal-handling-guidance	Close match	effect:divine-favor	jb2a.markers.light.intro.blue	psfx.magic-signs.rune.v1.divination.intro	Guidance: a small light at the token, one of eighteen skills — all eighteen read the same.	Likely	Likely	0
effect:antipathy	Close match	effect:frightened	jb2a.markers.fear.dark_purple.02	psfx.magic-signs.rune.v1.enchantment.intro	Antipathy: a repulsion mark on the one driven away.	Likely	Likely	0
effect:aquatic-adaptation	Close match	effect:bark-like-skin	jb2a.bubble.002.001.loop.blueteal	psfx.casting.water.001	Alter Self, gills and fins: a blue shimmer over the token.	Likely	Sure	0
effect:arcana-guidance	Close match	effect:divine-favor	jb2a.markers.light.intro.blue	psfx.magic-signs.rune.v1.divination.intro	Guidance: a small light at the token, one of eighteen skills — all eighteen read the same.	Likely	Likely	0
effect:arguing	Close match	effect:banished	jb2a.markers.chain.diamond.loop.01.purple	psfx.magic-signs.rune.v1.abjuration.loop	Forcecage, arguing within: chains hold the token in place.	Likely	Likely	0
effect:asleep	Close match	effect:sleeping	jb2a.sleep.target.dark_orangepurple	psfx.1st-level-spells.sleep.v1.001	Asleep: the sleeping symbol over the token.	Likely	Sure	0
effect:athletic-guidance	Close match	effect:divine-favor	jb2a.markers.light.intro.blue	psfx.magic-signs.rune.v1.divination.intro	Guidance: a small light at the token, one of eighteen skills — all eighteen read the same.	Likely	Likely	0
effect:aura-of-life	Close match	effect:blessed	jb2a.template_circle.aura.01.loop.large.green	psfx.magic-signs.rune.v1.abjuration.loop	Aura of Life: a green aura held around the caster.	Likely	Likely	0
effect:aura-of-purity	Close match	effect:blessed	jb2a.template_circle.aura.01.loop.large.yellow	psfx.magic-signs.rune.v1.abjuration.loop	Aura of Purity: a clean gold aura held around the caster.	Likely	Likely	0
effect:befuddled	Close match	effect:confused	jb2a.condition.curse.01.024.purple	psfx.impacts.magicaleffects.psychic	Feeblemind: the stun mark, in psychic purple.	Likely	Likely	0
effect:bestial-communication	Close match	effect:universal-communication	jb2a.condition.boon.02.007.refraction	psfx.magic-signs.rune.v1.divination.intro	Speak with Animals: a prismatic paw sign on the speaker.	Likely	Likely	0
effect:blinded	Close match	effect:searing-radiance	jb2a.markers.light.outro.yellow	psfx.class-features.divine-smite.v1.001.target	Blinded by radiance: a burst of white light at the eyes.	Likely	Sure	0
effect:blinded-deafened	Close match	effect:searing-radiance	jb2a.impact.sound.01.pinkteal	psfx.impacts.magicaleffects.psychic	Blinded and deafened: light at the token, and silence.	Likely	Likely	0
effect:blinded-deafened-stunned	Close match	effect:stunned	jb2a.icon.stun.dark_teal	psfx.impacts.magicaleffects.psychic	Power Word Stun's full measure: the stun mark.	Likely	Likely	0
effect:blinded-violet	Close match	effect:searing-radiance	jb2a.markers.light.outro.purple	psfx.magic-signs.rune.v1.abjuration.intro	Prismatic Wall, the violet layer: a violet blindness at the token.	Likely	Likely	0
effect:blindness	Close match	effect:searing-radiance	jb2a.condition.curse.01.020.purple	psfx.magic-signs.rune.v1.transmutation.intro	Blindness: the slashed-eye sign; the eyes go dark.	Sure	Likely	0
effect:blocked-healing	Close match	effect:lingering-acid	jb2a.markers.skull.dark_green.03	psfx.impacts.magicaleffects.necrotic	Chill Touch: a green skull marks the one who cannot be healed.	Likely	Sure	0
effect:bludgeoning-protection	Close match	effect:acid-protection	jb2a.markers.shield_rampart.loop.01.white	psfx.magic-signs.rune.v1.abjuration.outro	Resistance to bludgeoning: the rampart shield, as the five elemental protections already read.	Likely	Likely	0
effect:blurred	Close match	effect:ethereal	jb2a.smoke.puff.side.blue	psfx.magic-signs.rune.v1.illusion.intro	Blur: the token's outline goes soft.	Likely	Likely	0
effect:bonded-telepathy	Close match	effect:carrying-message	jb2a.markers.runes.blue.03	psfx.magic-signs.rune.v1.divination.intro	Rary's Telepathic Bond: linked runes at each mind.	Likely	Likely	3
effect:booming-voice	Close match	effect:stonecunning	jb2a.soundwave.01.orangeyellow	psfx.cantrips.thunderclap.v1	Thaumaturgy: the voice booms outward.	Likely	Sure	3
effect:bravery	Close match	effect:courageous	jb2a.condition.boon.02.002.refraction	psfx.conditions.boon.001.01	Heroism: a boon mark, temporary hit points and no fear.	Likely	Sure	0
effect:brief-enfeeblement	Close match	effect:stunned	jb2a.condition.curse.01.010.purple	psfx.impacts.magicaleffects.necrotic	Ray of Enfeeblement: a purple wasting mark.	Likely	Likely	0
effect:burial	Close match	spell:flesh-to-stone	jb2a.impact.earth.01.browngreen	psfx.casting.earth.001	Imprisonment, buried: earth closes over the token.	Likely	Sure	0
effect:buried-in-rubble	Close match	spell:flesh-to-stone	jb2a.falling_rocks.top.2x1.grey	psfx.casting.earth.001	Earthquake: rubble falls on the token.	Sure	Sure	0
effect:calmed	Close match	effect:charmed	jb2a.markers.light.intro.blue02	psfx.magic-signs.rune.v1.enchantment.intro	Calm Emotions: a cool blue light settles the token.	Likely	Likely	0
effect:cannot-lie	Close match	effect:comprehension	jb2a.markers.runes03.orange.03	psfx.magic-signs.rune.v1.enchantment.intro	Zone of Truth: white runes bind the tongue.	Likely	Likely	0
effect:cataleptic	Close match	effect:suspended-animation	jb2a.sleep.target.green	psfx.1st-level-spells.sleep.v1.001	Feign Death: the body goes still.	Likely	Likely	0
effect:catatonic	Close match	effect:suspended-animation	jb2a.sleep.target.blue	psfx.impacts.magicaleffects.psychic	Magic Jar, the body left behind: the sleeping symbol.	Likely	Likely	0
effect:chaining	Close match	effect:banished	jb2a.markers.chain.standard.complete.02.grey	psfx.magic-signs.rune.v1.abjuration.loop	Imprisonment, chained: chains hold the token.	Likely	Likely	0
effect:changed-appearance	Close match	effect:bark-like-skin	jb2a.smoke.puff.side.dark_purple	psfx.magic-signs.rune.v1.illusion.intro	Seeming: a violet shimmer as the look changes.	Likely	Likely	0
effect:compelled	Close match	effect:dominated	jb2a.condition.curse.01.010.red	psfx.magic-signs.rune.v1.enchantment.intro	Compelled Duel: a crossed-swords sign binds the target to the caster.	Likely	Likely	0
effect:concealed	Close match	effect:protected	jb2a.smoke.puff.side.green	psfx.magic-signs.rune.v1.abjuration.intro	Pass without Trace: the token goes quiet and dim.	Likely	Likely	0
effect:contingency-spell	Close match	effect:warded	jb2a.magic_signs.rune.02.loop.06.blue	psfx.magic-signs.rune.v1.abjuration.intro	Contingency: the held spell sits as a rune on the caster.	Likely	Likely	0
effect:crusaders-mantle	Close match	effect:blessed	jb2a.template_circle.aura.02.loop.large.yellow	psfx.class-features.divine-smite.v1.001.caster	Crusader's Mantle: a gold aura around the crusader.	Likely	Sure	0
effect:cursed-actions	Close match	effect:banished	jb2a.condition.curse.01.018.purple	psfx.magic-signs.rune.v1.necromancy.intro	Bestow Curse: the curse mark — all eight of its curses read the same.	Likely	Likely	0
effect:cursed-attacks	Close match	effect:banished	jb2a.condition.curse.01.010.purple	psfx.magic-signs.rune.v1.necromancy.intro	Bestow Curse: the curse mark — all eight of its curses read the same.	Likely	Likely	0
effect:cursed-charisma	Close match	effect:banished	jb2a.condition.curse.01.019.purple	psfx.magic-signs.rune.v1.necromancy.intro	Bestow Curse: the curse mark — all eight of its curses read the same.	Likely	Likely	0
effect:cursed-constitution	Close match	effect:banished	jb2a.condition.curse.01.022.purple	psfx.magic-signs.rune.v1.necromancy.intro	Bestow Curse: the curse mark — all eight of its curses read the same.	Likely	Likely	0
effect:cursed-dexterity	Close match	effect:banished	jb2a.condition.curse.01.023.purple	psfx.magic-signs.rune.v1.necromancy.intro	Bestow Curse: the curse mark — all eight of its curses read the same.	Likely	Likely	0
effect:cursed-intelligence	Close match	effect:banished	jb2a.condition.curse.01.024.purple	psfx.magic-signs.rune.v1.necromancy.intro	Bestow Curse: the curse mark — all eight of its curses read the same.	Likely	Likely	0
effect:cursed-resilience	Close match	effect:banished	jb2a.condition.curse.01.012.purple	psfx.magic-signs.rune.v1.necromancy.intro	Bestow Curse: the curse mark — all eight of its curses read the same.	Likely	Likely	0
effect:cursed-strength	Close match	effect:banished	jb2a.condition.curse.01.005.purple	psfx.magic-signs.rune.v1.necromancy.intro	Bestow Curse: the curse mark — all eight of its curses read the same.	Likely	Likely	0
effect:cursed-wisdom	Close match	effect:banished	jb2a.condition.curse.01.020.purple	psfx.magic-signs.rune.v1.necromancy.intro	Bestow Curse: the curse mark — all eight of its curses read the same.	Likely	Likely	0
effect:darkvision	Close match	effect:foresight	jb2a.eyes.01.dark_green.single	psfx.magic-signs.rune.v1.transmutation.intro	Darkvision: the eyes catch the dark.	Likely	Likely	0
effect:deafened	Close match	effect:frightened	jb2a.icon.mute.blue	psfx.impacts.magicaleffects.psychic	Deafened: the mute icon over the token.	Sure	Likely	0
effect:deafness	Close match	effect:frightened	jb2a.icon.mute.blue	psfx.magic-signs.rune.v1.transmutation.intro	Deafness: the mute icon over the token.	Sure	Likely	0
effect:death	Close match	effect:banished	jb2a.markers.skull.dark_red.03	psfx.cantrips.toll-the-dead.ominous-bell.001	Power Word Kill: the skull, and the bell.	Likely	Sure	0
effect:deception-guidance	Close match	effect:divine-favor	jb2a.markers.light.intro.blue	psfx.magic-signs.rune.v1.divination.intro	Guidance: a small light at the token, one of eighteen skills — all eighteen read the same.	Likely	Likely	0
effect:detect-evil-and-good	Close match	effect:alertness	jb2a.detect_magic.circle.yellow	psfx.1st-level-spells.detect-magic.v1.001	Detect Evil and Good: the detection circle, in gold.	Sure	Sure	5
effect:detect-magic	Close match	effect:alertness	jb2a.detect_magic.circle.blue	psfx.1st-level-spells.detect-magic.v1.001	Detect Magic: the detection circle at the caster.	Sure	Sure	5
effect:detect-poison-and-disease	Close match	effect:alertness	jb2a.detect_magic.circle.green	psfx.1st-level-spells.detect-magic.v1.001	Detect Poison and Disease: the detection circle, in green.	Sure	Sure	5
effect:disguised	Close match	effect:bark-like-skin	jb2a.smoke.puff.side.dark_purple	psfx.magic-signs.rune.v1.illusion.intro	Disguise Self: a violet shimmer as the face changes.	Likely	Likely	0
effect:distracted	Close match	effect:confused	jb2a.dizzy_stars.200px.pink	psfx.magic-signs.rune.v1.enchantment.intro	Distracted: the stun mark, lightly.	Likely	Likely	0
effect:duplicate-a	Close match	effect:ethereal	jb2a.shimmer.01.blue	psfx.magic-signs.rune.v1.illusion.intro	Mirror Image: one of three duplicates — all three read the same.	Likely	Likely	1
effect:duplicate-b	Close match	effect:ethereal	jb2a.shimmer.01.blue	psfx.magic-signs.rune.v1.illusion.intro	Mirror Image: one of three duplicates — all three read the same.	Likely	Likely	1
effect:duplicate-c	Close match	effect:ethereal	jb2a.shimmer.01.blue	psfx.magic-signs.rune.v1.illusion.intro	Mirror Image: one of three duplicates — all three read the same.	Likely	Likely	1
effect:elemental-acid-1	Close match	effect:heated-metal	jb2a.markers.runes.green02.03	psfx.magic-signs.rune.v1.transmutation.intro	Elemental Weapon, acid: green runes on the weapon — the fifteen tiers read as five colours.	Likely	Likely	3
effect:elemental-acid-2	Close match	effect:heated-metal	jb2a.markers.runes02.green02.03	psfx.magic-signs.rune.v1.transmutation.intro	Elemental Weapon, acid: green runes on the weapon — the fifteen tiers read as five colours.	Likely	Likely	0
effect:elemental-acid-3	Close match	effect:heated-metal	jb2a.markers.runes03.green02.03	psfx.magic-signs.rune.v1.transmutation.intro	Elemental Weapon, acid: green runes on the weapon — the fifteen tiers read as five colours.	Likely	Likely	0
effect:elemental-cold-1	Close match	effect:heated-metal	jb2a.markers.runes.blue.03	psfx.magic-signs.rune.v1.transmutation.intro	Elemental Weapon, cold: blue runes on the weapon.	Likely	Likely	3
effect:elemental-cold-2	Close match	effect:heated-metal	jb2a.markers.runes02.blue.03	psfx.magic-signs.rune.v1.transmutation.intro	Elemental Weapon, cold: blue runes on the weapon.	Likely	Likely	0
effect:elemental-cold-3	Close match	effect:heated-metal	jb2a.markers.runes03.blue.03	psfx.magic-signs.rune.v1.transmutation.intro	Elemental Weapon, cold: blue runes on the weapon.	Likely	Likely	0
effect:elemental-fire-1	Close match	effect:heated-metal	jb2a.markers.runes.red.03	psfx.magic-signs.rune.v1.transmutation.intro	Elemental Weapon, fire: red runes on the weapon.	Likely	Likely	3
effect:elemental-fire-2	Close match	effect:heated-metal	jb2a.markers.runes02.red.03	psfx.magic-signs.rune.v1.transmutation.intro	Elemental Weapon, fire: red runes on the weapon.	Likely	Likely	0
effect:elemental-fire-3	Close match	effect:heated-metal	jb2a.markers.runes03.red.03	psfx.magic-signs.rune.v1.transmutation.intro	Elemental Weapon, fire: red runes on the weapon.	Likely	Likely	0
effect:elemental-lightning-1	Close match	effect:heated-metal	jb2a.markers.runes.yellow.03	psfx.magic-signs.rune.v1.transmutation.intro	Elemental Weapon, lightning: yellow runes on the weapon.	Likely	Likely	3
effect:elemental-lightning-2	Close match	effect:heated-metal	jb2a.markers.runes02.yellow.03	psfx.magic-signs.rune.v1.transmutation.intro	Elemental Weapon, lightning: yellow runes on the weapon.	Likely	Likely	0
effect:elemental-lightning-3	Close match	effect:heated-metal	jb2a.markers.runes03.yellow.03	psfx.magic-signs.rune.v1.transmutation.intro	Elemental Weapon, lightning: yellow runes on the weapon.	Likely	Likely	0
effect:elemental-thunder-1	Close match	effect:heated-metal	jb2a.markers.runes.orange.03	psfx.magic-signs.rune.v1.transmutation.intro	Elemental Weapon, thunder: orange runes on the weapon.	Likely	Likely	3
effect:elemental-thunder-2	Close match	effect:heated-metal	jb2a.markers.runes02.orange.03	psfx.magic-signs.rune.v1.transmutation.intro	Elemental Weapon, thunder: orange runes on the weapon.	Likely	Likely	0
effect:elemental-thunder-3	Close match	effect:heated-metal	jb2a.markers.runes03.orange.03	psfx.magic-signs.rune.v1.transmutation.intro	Elemental Weapon, thunder: orange runes on the weapon.	Likely	Likely	0
effect:endless-ammunition	Close match	effect:divine-favor	jb2a.glint.yellow.few	psfx.magic-signs.rune.v1.conjuration.intro	Conjure Barrage's quiver: a glint at the quiver as an arrow replaces itself.	Likely	Likely	0
effect:enervated	Close match	effect:stunned	jb2a.condition.curse.01.010.blue	psfx.impacts.magicaleffects.necrotic	Ray of Enfeeblement: a purple wasting mark at the token.	Likely	Likely	0
effect:enhanced-charisma	Close match	effect:courageous	jb2a.condition.boon.02.014.refraction	psfx.conditions.boon.001.01	Enhance Ability: a gold boon mark — all five abilities read the same.	Likely	Likely	0
effect:enhanced-dexterity	Close match	effect:courageous	jb2a.condition.boon.02.015.refraction	psfx.conditions.boon.001.01	Enhance Ability: a gold boon mark — all five abilities read the same.	Likely	Likely	0
effect:enhanced-intelligence	Close match	effect:courageous	jb2a.condition.boon.02.021.refraction	psfx.conditions.boon.001.01	Enhance Ability: a gold boon mark — all five abilities read the same.	Likely	Likely	0
effect:enhanced-strength	Close match	effect:courageous	jb2a.condition.boon.02.004.refraction	psfx.conditions.boon.001.01	Enhance Ability: a gold boon mark — all five abilities read the same.	Likely	Likely	0
effect:enhanced-wisdom	Close match	effect:courageous	jb2a.condition.boon.02.013.refraction	psfx.conditions.boon.001.01	Enhance Ability: a gold boon mark — all five abilities read the same.	Likely	Likely	0
effect:enlarged	Close match	effect:bark-like-skin	jb2a.particles.outward.orange.02.01	psfx.magic-signs.rune.v1.transmutation.intro	Enlarge: the token swells, particles pushing outward.	Likely	Likely	0
effect:etherealness	Close match	effect:ethereal	jb2a.smoke.puff.centered.dark_purple	psfx.magic-signs.rune.v1.conjuration.intro	Etherealness: the token half-fades.	Likely	Likely	0
effect:fear	Close match	effect:frightened	jb2a.markers.fear.dark_purple.02	psfx.magic-signs.rune.v1.illusion.intro	Fear: the fear mark over the token.	Likely	Likely	0
effect:fears-manifested	Close match	effect:frightened	jb2a.markers.horror.purple.01	psfx.impacts.magicaleffects.psychic	Phantasmal Killer: the horror mark, psychic.	Likely	Likely	0
effect:feasts-benefits	Close match	effect:blessed	jb2a.condition.boon.02.008.refraction	psfx.conditions.boon.002.01	Heroes' Feast: a green boon mark that lasts the day.	Likely	Likely	0
effect:flying-steed	Close match	effect:flight	jb2a.wind_lines.01.01.white	psfx.creature.movement.flight.wings.small	Find Steed, in flight: wind under the steed.	Likely	Likely	0
effect:frightening-terrors	Close match	effect:frightened	jb2a.markers.horror.dark_teal.01	psfx.impacts.magicaleffects.psychic	Weird: the horror mark, at its worst.	Likely	Likely	0
effect:glib	Close match	effect:comprehension	jb2a.markers.runes.dark_orange.02	psfx.magic-signs.rune.v1.enchantment.intro	Glibness: white runes at the tongue.	Likely	Likely	0
effect:half-speed	Close match	effect:reduced-movement	jb2a.token_border.circle.static.purple.004	psfx.magic-signs.rune.v1.necromancy.intro	Halved speed: the slow border on the token.	Maybe	Likely	2
effect:healed-by-prayer	Close match	effect:blessed	jb2a.cure_wounds.200px.pink	psfx.1st-level-spells.cure-wounds.v1.001	Prayer of Healing: healing light at the token.	Sure	Sure	0
effect:hedged-prison	Close match	effect:enclosed-in-sphere	jb2a.wall_of_force.sphere.purple	psfx.magic-signs.rune.v1.abjuration.loop	Imprisonment, hedged: a sphere closes around the token.	Likely	Likely	5
effect:hexed-charisma	Close match	effect:banished	jb2a.markers.skull.purple.01	psfx.impacts.magicaleffects.necrotic	Hex: the warlock's skull mark — all six abilities read the same.	Likely	Likely	1
effect:hexed-constitution	Close match	effect:banished	jb2a.markers.skull.purple.02	psfx.impacts.magicaleffects.necrotic	Hex: the warlock's skull mark — all six abilities read the same.	Likely	Likely	0
effect:hexed-dexterity	Close match	effect:banished	jb2a.markers.skull.purple.03	psfx.impacts.magicaleffects.necrotic	Hex: the warlock's skull mark — all six abilities read the same.	Likely	Likely	0
effect:hexed-intelligence	Close match	effect:banished	jb2a.markers.skull.dark_red.02	psfx.impacts.magicaleffects.necrotic	Hex: the warlock's skull mark — all six abilities read the same.	Likely	Likely	0
effect:hexed-strength	Close match	effect:banished	jb2a.markers.skull.dark_red.01	psfx.impacts.magicaleffects.necrotic	Hex: the warlock's skull mark — all six abilities read the same.	Likely	Likely	1
effect:hexed-wisdom	Close match	effect:banished	jb2a.markers.skull.dark_green.02	psfx.impacts.magicaleffects.necrotic	Hex: the warlock's skull mark — all six abilities read the same.	Likely	Likely	0
effect:hidden-from-divination	Close match	effect:protected	jb2a.smoke.puff.centered.dark_purple	psfx.magic-signs.rune.v1.abjuration.intro	Nondetection: the token goes opaque to scrying.	Likely	Likely	0
effect:history-guidance	Close match	effect:divine-favor	jb2a.markers.light.intro.blue	psfx.magic-signs.rune.v1.divination.intro	Guidance: a small light at the token, one of eighteen skills — all eighteen read the same.	Likely	Likely	0
effect:holy-protection	Close match	effect:warded	jb2a.bless.400px.loop.yellow	psfx.magic-signs.rune.v1.abjuration.loop	Holy Aura: gold light held over the warded.	Sure	Likely	3
effect:hopeful	Close match	effect:courageous	jb2a.condition.boon.02.003.refraction	psfx.conditions.boon.003.01	Beacon of Hope: a gold boon mark.	Likely	Sure	0
effect:hunters-mark	Close match	effect:outlined	jb2a.hunters_mark.loop.01.green	psfx.magic-signs.rune.v1.divination.loop	Hunter's Mark: the quarry is marked.	Sure	Likely	0
effect:incapacitated	Close match	effect:stunned	jb2a.dizzy_stars.400px.purple	psfx.impacts.magicaleffects.psychic	Incapacitated: the stun mark.	Likely	Likely	0
effect:indifference	Close match	effect:charmed	jb2a.markers.light.intro.blue02	psfx.magic-signs.rune.v1.enchantment.intro	Calm Emotions, indifferent: a cool blue light.	Likely	Likely	0
effect:infected-charisma	Close match	effect:lingering-acid	jb2a.markers.poison.dark_green.01	psfx.impacts.magicaleffects.necrotic	Contagion: the sickness mark — all six read the same.	Likely	Likely	0
effect:infected-constitution	Close match	effect:lingering-acid	jb2a.markers.poison.dark_green.02	psfx.impacts.magicaleffects.necrotic	Contagion: the sickness mark — all six read the same.	Likely	Likely	0
effect:infected-dexterity	Close match	effect:lingering-acid	jb2a.markers.poison.dark_green.03	psfx.impacts.magicaleffects.necrotic	Contagion: the sickness mark — all six read the same.	Likely	Likely	0
effect:infected-intelligence	Close match	effect:lingering-acid	jb2a.markers.poison.purple.01	psfx.impacts.magicaleffects.necrotic	Contagion: the sickness mark — all six read the same.	Likely	Likely	0
effect:infected-strength	Close match	effect:lingering-acid	jb2a.markers.poison.purple.02	psfx.impacts.magicaleffects.necrotic	Contagion: the sickness mark — all six read the same.	Likely	Likely	0
effect:infected-wisdom	Close match	effect:lingering-acid	jb2a.markers.poison.purple.03	psfx.impacts.magicaleffects.necrotic	Contagion: the sickness mark — all six read the same.	Likely	Likely	0
effect:insight-guidance	Close match	effect:divine-favor	jb2a.markers.light.intro.blue	psfx.magic-signs.rune.v1.divination.intro	Guidance: a small light at the token, one of eighteen skills — all eighteen read the same.	Likely	Likely	0
effect:intimidation-guidance	Close match	effect:divine-favor	jb2a.markers.light.intro.blue	psfx.magic-signs.rune.v1.divination.intro	Guidance: a small light at the token, one of eighteen skills — all eighteen read the same.	Likely	Likely	0
effect:investigation-guidance	Close match	effect:divine-favor	jb2a.markers.light.intro.blue	psfx.magic-signs.rune.v1.divination.intro	Guidance: a small light at the token, one of eighteen skills — all eighteen read the same.	Likely	Likely	0
effect:invisible	Close match	effect:ethereal	jb2a.smoke.puff.centered.blue	psfx.magic-signs.rune.v1.illusion.intro	Invisibility: the token shimmers out.	Likely	Likely	0
effect:lethargy	Close match	effect:slowed	jb2a.token_border.circle.static.purple.004	psfx.magic-signs.rune.v1.transmutation.intro	Slow: the slow border on the token.	Maybe	Likely	2
effect:level-2-5-max-hp	Close match	effect:blessed	jb2a.healing_generic.200px.yellow	psfx.1st-level-spells.cure-wounds.v1.001	Aid: a lift in maximum hit points — all eight tiers read the same.	Likely	Sure	0
effect:level-3-10-max-hp	Close match	effect:blessed	jb2a.healing_generic.200px.yellow	psfx.1st-level-spells.cure-wounds.v1.001	Aid: a lift in maximum hit points — all eight tiers read the same.	Likely	Sure	0
effect:level-4-15-max-hp	Close match	effect:blessed	jb2a.healing_generic.200px.yellow	psfx.1st-level-spells.cure-wounds.v1.001	Aid: a lift in maximum hit points — all eight tiers read the same.	Likely	Sure	0
effect:level-5-20-max-hp	Close match	effect:blessed	jb2a.healing_generic.200px.yellow	psfx.1st-level-spells.cure-wounds.v1.001	Aid: a lift in maximum hit points — all eight tiers read the same.	Likely	Sure	0
effect:level-6-25-max-hp	Close match	effect:blessed	jb2a.healing_generic.200px.yellow	psfx.1st-level-spells.cure-wounds.v1.001	Aid: a lift in maximum hit points — all eight tiers read the same.	Likely	Sure	0
effect:level-7-30-max-hp	Close match	effect:blessed	jb2a.healing_generic.200px.yellow	psfx.1st-level-spells.cure-wounds.v1.001	Aid: a lift in maximum hit points — all eight tiers read the same.	Likely	Sure	0
effect:level-8-35-max-hp	Close match	effect:blessed	jb2a.healing_generic.200px.yellow	psfx.1st-level-spells.cure-wounds.v1.001	Aid: a lift in maximum hit points — all eight tiers read the same.	Likely	Sure	0
effect:level-9-40-max-hp	Close match	effect:blessed	jb2a.healing_generic.200px.yellow	psfx.1st-level-spells.cure-wounds.v1.001	Aid: a lift in maximum hit points — all eight tiers read the same.	Likely	Sure	0
effect:magic-weapon-1	Close match	effect:heated-metal	jb2a.glint.blue.few	psfx.magic-signs.rune.v1.transmutation.intro	Magic Weapon: a glint on the blade — all three tiers read the same.	Likely	Likely	0
effect:magic-weapon-2	Close match	effect:heated-metal	jb2a.glint.yellow.few	psfx.magic-signs.rune.v1.transmutation.intro	Magic Weapon: a glint on the blade — all three tiers read the same.	Likely	Likely	0
effect:magic-weapon-3	Close match	effect:heated-metal	jb2a.glint.yellow.many	psfx.magic-signs.rune.v1.transmutation.intro	Magic Weapon: a glint on the blade — all three tiers read the same.	Likely	Likely	1
effect:masked	Close match	effect:protected	jb2a.shimmer.01.purple	psfx.magic-signs.rune.v1.illusion.intro	Magic Mouth's mask: the token shimmers.	Likely	Likely	1
effect:medicine-guidance	Close match	effect:divine-favor	jb2a.markers.light.intro.blue	psfx.magic-signs.rune.v1.divination.intro	Guidance: a small light at the token, one of eighteen skills — all eighteen read the same.	Likely	Likely	0
effect:memory-modification	Close match	effect:hypnotized	jb2a.side_impact.part.slow.spiral.pinkpurple	psfx.magic-signs.rune.v1.enchantment.intro	Modify Memory: the mind is worked on.	Likely	Likely	0
effect:mind-blanked	Close match	effect:protected	jb2a.markers.runes02.white.03	psfx.magic-signs.rune.v1.abjuration.intro	Mind Blank: white runes seal the mind.	Likely	Likely	0
effect:minimus-containment	Close match	effect:enclosed-in-sphere	jb2a.wall_of_force.sphere.grey	psfx.magic-signs.rune.v1.abjuration.loop	Imprisonment, minimus: the token is shrunk into a gem.	Likely	Likely	5
effect:natural-weapon	Close match	effect:bark-like-skin	jb2a.melee_generic.creature_attack.claw.002.green	psfx.impacts.slashing.v1	Alter Self, natural weapons: claws instead of a blade.	Sure	Sure	0
effect:nature-guidance	Close match	effect:divine-favor	jb2a.markers.light.intro.blue	psfx.magic-signs.rune.v1.divination.intro	Guidance: a small light at the token, one of eighteen skills — all eighteen read the same.	Likely	Likely	0
effect:necrotic-protection	Close match	effect:acid-protection	jb2a.shield.02.loop.purple	psfx.magic-signs.rune.v1.abjuration.outro	Resistance to necrotic: the shield in violet, as the five elemental protections already read.	Likely	Likely	0
effect:no-movement	Close match	effect:banished	jb2a.markers.chain.standard.loop.01.purple	psfx.magic-signs.rune.v1.enchantment.intro	Power Word Stun's hold: chains at the feet.	Likely	Likely	0
effect:no-reactions	Close match	effect:slowed	jb2a.vine.loop.void.single.01.dark_pinkpurple	psfx.impacts.magicaleffects.necrotic	Arms of Hadar's grip: tendrils hold the target.	Likely	Likely	0
effect:panicked	Close match	effect:frightened	jb2a.markers.fear.dark_red.02	psfx.impacts.magicaleffects.psychic	Panicked: the fear mark, in red.	Likely	Likely	0
effect:paralyzed	Close match	effect:stunned	jb2a.condition.curse.01.004.purple	psfx.magic-signs.rune.v1.enchantment.intro	Hold Person and Hold Monster: a grasping-hand sign holds the target.	Likely	Likely	2
effect:perception-guidance	Close match	effect:divine-favor	jb2a.markers.light.intro.blue	psfx.magic-signs.rune.v1.divination.intro	Guidance: a small light at the token, one of eighteen skills — all eighteen read the same.	Likely	Likely	0
effect:performance-guidance	Close match	effect:divine-favor	jb2a.markers.light.intro.blue	psfx.magic-signs.rune.v1.divination.intro	Guidance: a small light at the token, one of eighteen skills — all eighteen read the same.	Likely	Likely	0
effect:persuasion-guidance	Close match	effect:divine-favor	jb2a.markers.light.intro.blue	psfx.magic-signs.rune.v1.divination.intro	Guidance: a small light at the token, one of eighteen skills — all eighteen read the same.	Likely	Likely	0
effect:petrifying-indigo	Close match	spell:flesh-to-stone	jb2a.impact.earth.01.browngreen	psfx.magic-signs.rune.v1.abjuration.intro	Prismatic Wall, the indigo layer: the token begins to petrify.	Likely	Likely	0
effect:piercing-protection	Close match	effect:acid-protection	jb2a.markers.shield_rampart.loop.02.green	psfx.magic-signs.rune.v1.abjuration.outro	Resistance to piercing: the rampart shield.	Likely	Likely	0
effect:poisoned	Close match	effect:lingering-acid	jb2a.markers.poison.dark_green.02	psfx.cantrips.poison-spray.v1	Poisoned: the poison mark over the token.	Likely	Likely	0
effect:prismatic-blinding	Close match	effect:searing-radiance	jb2a.markers.light.outro.purple02	psfx.magic-signs.rune.v1.abjuration.intro	Prismatic Wall: blinded by every colour at once.	Likely	Likely	0
effect:prone	Close match	effect:slowed	jb2a.impact.013.002.blue	psfx.impacts.bludgeoning.v1	Knocked prone: the token goes down.	Likely	Sure	0
effect:protection-from-death	Close match	effect:warded	jb2a.bless.200px.loop.yellow	psfx.magic-signs.rune.v1.abjuration.loop	Death Ward: gold light held over the warded.	Likely	Likely	0
effect:pursuing-suggestion	Close match	effect:dominated	jb2a.markers.heart.dark_red.02	psfx.magic-signs.rune.v1.enchantment.intro	Suggestion: the planted idea holds.	Likely	Likely	0
effect:radiant-protection	Close match	effect:acid-protection	jb2a.shield.03.loop.yellow	psfx.magic-signs.rune.v1.abjuration.outro	Resistance to radiant: the shield in white, as the five elemental protections already read.	Likely	Likely	0
effect:reduced	Close match	effect:bark-like-skin	jb2a.particles.inward.blue.01.03	psfx.magic-signs.rune.v1.transmutation.intro	Reduce: the token shrinks, particles pulling inward.	Sure	Likely	0
effect:religion-guidance	Close match	effect:divine-favor	jb2a.markers.light.intro.blue	psfx.magic-signs.rune.v1.divination.intro	Guidance: a small light at the token, one of eighteen skills — all eighteen read the same.	Likely	Likely	0
effect:restrained	Close match	effect:ensnared	jb2a.vine.loop.nature.single.01.green	psfx.1st-level-spells.entangle.vines.v1.001.intro	Ensnaring Strike: thorny vines hold the target.	Sure	Sure	0
effect:restrained-indigo	Close match	effect:ensnared	jb2a.markers.chain.diamond.loop.01.purple	psfx.magic-signs.rune.v1.abjuration.intro	Prismatic Wall, the indigo layer: the token is held.	Likely	Likely	0
effect:resurrection-sickness-day-1	Close match	effect:stunned	jb2a.markers.skull.dark_green.01	psfx.impacts.magicaleffects.necrotic	Raise Dead's toll: a wasting mark — all four days read the same.	Likely	Likely	1
effect:resurrection-sickness-day-2	Close match	effect:stunned	jb2a.markers.skull.dark_green.02	psfx.impacts.magicaleffects.necrotic	Raise Dead's toll: a wasting mark — all four days read the same.	Likely	Likely	0
effect:resurrection-sickness-day-3	Close match	effect:stunned	jb2a.markers.skull.dark_green.03	psfx.impacts.magicaleffects.necrotic	Raise Dead's toll: a wasting mark — all four days read the same.	Likely	Likely	0
effect:resurrection-sickness-day-4	Close match	effect:stunned	jb2a.markers.skull.dark_green.02	psfx.impacts.magicaleffects.necrotic	Raise Dead's toll: a wasting mark — all four days read the same.	Likely	Likely	0
effect:see-invisibility	Close match	effect:foresight	jb2a.eyes.01.bluegreen.single	psfx.1st-level-spells.detect-magic.v1.001	See Invisibility: the eye that sees through.	Likely	Likely	0
effect:seeing-illusions	Close match	effect:hypnotized	jb2a.side_impact.part.slow.spiral.pinkpurple	psfx.magic-signs.rune.v1.illusion.intro	Phantasmal Force: the token believes what is not there.	Likely	Likely	0
effect:senses-overwhelmed	Close match	effect:searing-radiance	jb2a.markers.light.outro.yellow	psfx.impacts.magicaleffects.psychic	Jallarzi's Storm of Radiance: light and thunder together.	Likely	Likely	0
effect:sequestered	Close match	effect:suspended-animation	jb2a.smoke.puff.centered.dark_purple	psfx.magic-signs.rune.v1.transmutation.intro	Sequester: the token goes out of the world.	Likely	Likely	0
effect:shillelagh-1d10	Close match	effect:bark-like-skin	jb2a.swirling_leaves.outburst.01.greenorange	psfx.casting.earth.001	Shillelagh: leaves at the club — all four dice read the same.	Likely	Likely	0
effect:shillelagh-1d12	Close match	effect:bark-like-skin	jb2a.swirling_leaves.outburst.01.greenorange	psfx.casting.earth.001	Shillelagh: leaves at the club — all four dice read the same.	Likely	Likely	0
effect:shillelagh-1d8	Close match	effect:bark-like-skin	jb2a.swirling_leaves.outburst.01.greenorange	psfx.casting.earth.001	Shillelagh: leaves at the club — all four dice read the same.	Likely	Likely	0
effect:shillelagh-2d6	Close match	effect:bark-like-skin	jb2a.swirling_leaves.outburst.01.greenorange	psfx.casting.earth.001	Shillelagh: leaves at the club — all four dice read the same.	Likely	Likely	0
effect:shocked	Close match	effect:heated-metal	jb2a.static_electricity.02.blue02	psfx.cantrips.shocking-grasp.v1.001	Shocking Grasp: the token crackles.	Likely	Sure	2
effect:sickened	Close match	effect:lingering-acid	jb2a.markers.poison.dark_green.01	psfx.impacts.magicaleffects.necrotic	Sickened: the poison mark.	Likely	Likely	0
effect:silenced	Close match	effect:frightened	jb2a.icon.mute.purple	psfx.magic-signs.rune.v1.illusion.intro	Silence: the mute icon over the token.	Sure	Likely	0
effect:slashing-protection	Close match	effect:acid-protection	jb2a.markers.shield_rampart.loop.01.dark_red	psfx.magic-signs.rune.v1.abjuration.outro	Resistance to slashing: the rampart shield.	Likely	Likely	0
effect:sleight-of-hand-guidance	Close match	effect:divine-favor	jb2a.markers.light.intro.blue	psfx.magic-signs.rune.v1.divination.intro	Guidance: a small light at the token, one of eighteen skills — all eighteen read the same.	Likely	Likely	0
effect:slivered	Close match	effect:confused	jb2a.dizzy_stars.200px.purple	psfx.cantrips.mind-sliver.v1	Mind Sliver: the mind is nicked.	Likely	Sure	0
effect:slumber	Close match	effect:sleeping	jb2a.sleep.target.pink	psfx.1st-level-spells.sleep.v1.001	Imprisonment, slumber: the token sleeps.	Likely	Sure	0
effect:speaking-with-plants	Close match	effect:universal-communication	jb2a.swirling_leaves.loop.01.green	psfx.magic-signs.rune.v1.transmutation.intro	Speak with Plants: leaves stir round the speaker.	Likely	Likely	0
effect:spell-taxed	Close match	effect:stunned	jb2a.condition.curse.01.021.purple	psfx.impacts.magicaleffects.necrotic	Power Word Pain's tax: the caster is drained.	Likely	Likely	0
effect:spider-climb	Close match	effect:unrestricted-movement	jb2a.web.loop.002.white	psfx.magic-signs.rune.v1.transmutation.intro	Spider Climb: webbing at the hands and feet.	Likely	Likely	0
effect:spiked	Close match	effect:confused	jb2a.condition.curse.01.024.red	psfx.impacts.magicaleffects.psychic	Mind Spike: the mind is pinned.	Likely	Likely	0
effect:stabilized	Close match	effect:blessed	jb2a.healing_generic.200px.yellow	psfx.1st-level-spells.cure-wounds.v1.001	Spare the Dying: the dying are held at zero.	Likely	Sure	0
effect:stealth-guidance	Close match	effect:divine-favor	jb2a.markers.light.intro.blue	psfx.magic-signs.rune.v1.divination.intro	Guidance: a small light at the token, one of eighteen skills — all eighteen read the same.	Likely	Likely	0
effect:stinking-poison	Close match	effect:lingering-acid	jb2a.smoke.plumes.01.yellow	psfx.cantrips.poison-spray.v1	Stinking Cloud: yellow fumes over the token.	Likely	Sure	0
effect:survival-guidance	Close match	effect:divine-favor	jb2a.markers.light.intro.blue	psfx.magic-signs.rune.v1.divination.intro	Guidance: a small light at the token, one of eighteen skills — all eighteen read the same.	Likely	Likely	0
effect:sustained-lightning	Close match	effect:heated-metal	jb2a.static_electricity.02.blue	psfx.weapon-swooshes.lightning.v1.group01	Witch Bolt sustained: the arc keeps crackling on the target.	Likely	Sure	2
effect:sympathy	Close match	effect:charmed	jb2a.markers.heart.pink.02	psfx.magic-signs.rune.v1.enchantment.intro	Sympathy: the token is drawn in.	Likely	Likely	0
effect:telepathically-linked	Close match	effect:carrying-message	jb2a.markers.runes03.green02.03	psfx.magic-signs.rune.v1.divination.intro	Telepathy: linked runes at each mind.	Likely	Likely	0
effect:teleporting-violet	Close match	effect:banished	jb2a.portals.vertical.vortex_masked.purple	psfx.2nd-level-spells.misty-step.v1.complete.generic	Prismatic Wall, the violet layer: the token is sent elsewhere.	Likely	Likely	0
effect:trapped-in-ice	Close match	effect:chill-shield	jb2a.ice_spikes.radial.loop.blue	psfx.5th-level-spells.cone-of-cold.v1.001	Otiluke's Freezing Sphere: the token is frozen in place.	Sure	Sure	0
effect:trapped-soul	Close match	effect:banished	jb2a.markers.skull.purple.02	psfx.impacts.magicaleffects.necrotic	Magic Jar: the soul is held elsewhere.	Likely	Likely	0
effect:true-strike	Close match	effect:outlined	jb2a.hunters_mark.pulse.04.blue	psfx.magic-signs.rune.v1.divination.intro	True Strike: the next blow is guided.	Likely	Likely	0
effect:truesight	Close match	effect:foresight	jb2a.eyes.01.dark_yellow.single	psfx.1st-level-spells.detect-magic.v1.001	True Seeing: the eye that sees everything.	Likely	Likely	0
effect:unable-to-move	Close match	effect:banished	jb2a.markers.chain.square.loop.02.grey	psfx.magic-signs.rune.v1.transmutation.intro	Flesh to Stone and its kin: the token cannot move.	Likely	Likely	0
effect:under-orders	Close match	effect:dominated	jb2a.condition.curse.01.004.red	psfx.impacts.magicaleffects.psychic	Dominate Person: the token takes orders.	Likely	Likely	2
effect:water-breathing	Close match	effect:unrestricted-movement	jb2a.bubble.001.001.loop.blue	psfx.casting.water.001	Water Breathing: bubbles at the token.	Sure	Sure	0
effect:water-walking	Close match	effect:unrestricted-movement	jb2a.impact.water.02.blue	psfx.casting.water.001	Water Walking: the surface holds.	Likely	Sure	0
effect:wish-stress	Close match	effect:stunned	jb2a.condition.curse.01.021.red	psfx.impacts.magicaleffects.necrotic	Wish's price: the caster is worn down.	Likely	Likely	0
effect:wreathed-in-light	Close match	effect:shining	jb2a.bless.200px.loop.blue	psfx.2nd-level-spells.moonbeam.intro.v1.001	Fount of Moonlight: the token is wreathed in cold light.	Likely	Sure	0
