natural:arcane-tentacles	Close match	natural:tentacle	jb2a.entangle.02.loop.01.dark_pinkpurple	psfx.impacts.magicaleffects.psychic	The arcanist's tentacles take hold.	Likely	Likely	0
natural:attach	Close match	effect:ensnared	jb2a.markers.chain.diamond.loop.01.grey	psfx.impacts.slashing.v1	The cloaker wraps around you.	Likely	Maybe	0
natural:bites	Close match	natural:bite	jb2a.bite.200px.grey	psfx.impacts.slashing.v1	The swarm of bats bites.	Sure	Likely	0
natural:bladed-arm	Close match	weapon:longsword	jb2a.melee_generic.slashing.one_handed	psfx.impacts.slashing.v1	The iron golem's blade comes round.	Sure	Sure	25
natural:bone-cudgel	Close match	weapon:club	jb2a.melee_attack.02.club.01	psfx.impacts.bludgeoning.v1	The grimlock swings its cudgel.	Sure	Sure	4
natural:branch	Close match	natural:slam	jb2a.vine.loop.elemental.group.01.dark_orange	psfx.impacts.bludgeoning.v1	The tree blight swings a branch.	Maybe	Sure	0
natural:channel-negative-energy	Close match	spell:raise-dead	jb2a.energy_beam.normal.bluepink.02	psfx.impacts.magicaleffects.necrotic	The mummy lord pours the grave into you.	Likely	Likely	0
natural:charged-tendril	Close match	natural:tentacle	jb2a.static_electricity.01.blue	psfx.weapon-swooshes.lightning.v1.group01	The shambling mound's tendril crackles.	Likely	Sure	3
natural:chromatic-spittle	Close match	spell:acid-arrow	jb2a.ranged.01.instant.01.dark_green	psfx.cantrips.acid-splash.v1	The winged kobold spits.	Likely	Likely	0
natural:conjure-slimy-glob	Close match	effect:ensnared	jb2a.liquid.splash_side.bright_green	psfx.cantrips.acid-splash.v1	The kuo-toa whip throws a glob.	Likely	Likely	0
natural:constricting-vine	Close match	effect:ensnared	jb2a.entangle.02.loop.02.green	psfx.1st-level-spells.entangle.vines.v1.001.intro	The vine blight squeezes.	Likely	Sure	1
natural:corrupting-touch	Close match	natural:slam	jb2a.side_impact.skull.pink_purple	psfx.impacts.magicaleffects.necrotic	The banshee's touch corrupts.	Likely	Likely	0
natural:cursed-touch	Close match	natural:slam	jb2a.condition.curse.01.010.purple	psfx.impacts.magicaleffects.psychic	The rakshasa's touch curses.	Likely	Likely	0
natural:deathly-ray	Close match	spell:magic-missile	jb2a.spell_projectile.skull.pinkpurple	psfx.impacts.magicaleffects.necrotic	The cultist throws a ray of death.	Sure	Sure	0
natural:divine-ray	Close match	spell:guiding-bolt	jb2a.guiding_bolt.01.yellow	psfx.class-features.divine-smite.v1.001.target	The empyrean throws a ray of light.	Sure	Likely	2
natural:draining-swipe	Close match	natural:claws	jb2a.claws.400px.bright_purple	psfx.impacts.magicaleffects.necrotic	The shadow's swipe drains.	Likely	Likely	2
natural:fiendish-touch	Close match	natural:slam	jb2a.impact.004.dark_purple	psfx.impacts.magicaleffects.psychic	The succubus touches.	Maybe	Likely	16
natural:flame-scepter	Close match	spell:magic-missile	jb2a.fire_bolt.orange	psfx.casting.fire.001	The flaming skeleton points and fire goes out.	Sure	Sure	6
natural:flash-of-light	Close match	effect:searing-radiance	jb2a.markers.light.complete.yellow	psfx.class-features.divine-smite.v1.001.target	The cyclops oracle's eye flashes.	Likely	Maybe	8
natural:gears-launcher	Close match	weapon:heavy-crossbow	jb2a.bullet.01.orange	psfx.ambient.tools.gears.001	The quadrone fires its gears.	Likely	Sure	12
natural:grab	Close match	effect:ensnared	jb2a.markers.chain.diamond.loop.01.grey	psfx.impacts.bludgeoning.v1	The bugbear grabs you.	Maybe	Sure	0
natural:hammer-throw	Close match	weapon:warhammer	jb2a.hammer.throw	psfx.weapon-swooshes.fire.v1.group01	The fire giant throws its hammer.	Sure	Sure	2
natural:horrific-necrosis	Close match	natural:claws	jb2a.claws.400px.bright_green	psfx.impacts.magicaleffects.necrotic	The gravecaller's touch rots.	Likely	Likely	2
natural:icy-bite	Close match	natural:bite	jb2a.bite.400px.blue	psfx.impacts.magicaleffects.cold	The lacedon's bite is cold.	Sure	Sure	5
natural:necrotic-ray	Close match	spell:magic-missile	jb2a.spell_projectile.skull.pinkpurple	psfx.impacts.magicaleffects.necrotic	The spirit naga throws a ray.	Sure	Sure	0
natural:paralyzing-tentacles	Close match	natural:tentacle	jb2a.black_tentacles.dark_purple	psfx.impacts.magicaleffects.psychic	The grell's tentacles hold you.	Likely	Likely	3
natural:paralyzing-touch	Close match	natural:slam	jb2a.impact_themed.skull.pinkpurple	psfx.impacts.magicaleffects.necrotic	The lich's touch stops you.	Likely	Likely	0
natural:petrifying-bite	Close match	natural:bite	jb2a.bite.200px.grey	psfx.casting.earth.001	The cockatrice bites and the flesh sets.	Likely	Likely	0
natural:prance	Close match	effect:hasted	jb2a.markers.music.pink	psfx.musical-instruments.flute.01.long.keyOfA.A6	The satyr prances in.	Likely	Likely	2
natural:psychic-warp	Close match	spell:magic-missile	jb2a.impact_themed.skull.pinkpurple	psfx.impacts.magicaleffects.psychic	The psion warps the space round you.	Likely	Sure	0
natural:restless-touch	Close match	natural:slam	jb2a.impact.004.dark_purple	psfx.impacts.magicaleffects.psychic	The incubus touches.	Maybe	Likely	16
natural:rotting-touch	Close match	natural:slam	jb2a.impact.004.green	psfx.impacts.magicaleffects.necrotic	The violet fungus rots what it touches.	Likely	Likely	16
natural:shred	Close match	natural:claws	jb2a.claws.400px.bright_green	psfx.impacts.slashing.v1	The vrock shreds.	Sure	Sure	2
natural:smother	Close match	effect:ensnared	jb2a.markers.chain.diamond.loop.01.grey	psfx.impacts.bludgeoning.v1	The rug of smothering wraps you.	Maybe	Likely	0
natural:spectral-jaws	Close match	natural:bite	jb2a.bite.200px.blue	psfx.impacts.magicaleffects.psychic	The sahuagin priest's spectral jaws close.	Likely	Likely	0
natural:strange-scepter	Close match	spell:magic-missile	jb2a.energy_beam.normal.bluegreen.01	psfx.impacts.magicaleffects.psychic	The archpriest points its scepter.	Maybe	Maybe	0
natural:suffocate	Close match	effect:ensnared	jb2a.markers.chain.diamond.loop.01.grey	psfx.impacts.magicaleffects.necrotic	The revenant chokes you.	Maybe	Likely	0
natural:sun-ray	Close match	spell:guiding-bolt	jb2a.guiding_bolt.01.yellow	psfx.class-features.divine-smite.v1.001.target	The centaur warden throws a ray of sun.	Sure	Likely	2
natural:swarm-of-grasping-hands	Close match	natural:claws	jb2a.claws.200px.brown	psfx.impacts.slashing.v1	The crawling claws grab.	Likely	Sure	0
natural:swarm-of-proboscises	Close match	natural:bite	jb2a.bite.200px.red	psfx.impacts.slashing.v1	The stirges drink.	Sure	Likely	0
natural:tail-spine	Close match	natural:sting	jb2a.melee_generic.piercing.one_handed	psfx.impacts.slashing.v1	The spined devil's tail spine goes in.	Sure	Sure	9
natural:tentacles	Close match	natural:tentacle	jb2a.entangle.02.loop.03.dark_blue	psfx.impacts.bludgeoning.v1	The giant octopus takes you.	Likely	Sure	1
natural:thorn-volley	Close match	weapon:longbow	jb2a.arrow.physical.white.01	psfx.ranged-weapons.longbow.v1	The gulthias blight throws thorns.	Likely	Likely	9
natural:thrash	Close match	natural:slam	jb2a.impact.004.orange	psfx.impacts.bludgeoning.v1	The barlgura thrashes.	Likely	Sure	16
natural:tormenting-bite	Close match	natural:bite	jb2a.bite.400px.red	psfx.impacts.slashing.v1	The barlgura bites.	Sure	Sure	5
natural:vile-slime	Close match	spell:acid-arrow	jb2a.liquid.splash_side.bright_purple	psfx.cantrips.acid-splash.v1	The lemure's slime lands.	Likely	Likely	0
natural:wind-swipe	Close match	natural:slam	jb2a.wind_stream.400.white	psfx.cantrips.gust.v1	The invisible stalker strikes with wind.	Likely	Likely	5
feature:shard-fed	Close match	effect:heated-metal	jb2a.markers.runes.dark_black.03	psfx.impacts.magicaleffects.necrotic	House scope: a shard-fed creature of this world.	Maybe	Maybe	3
item:kestrel-company-brooch	No proposed FX				House scope: a keepsake with no rules of its own.
feature:martial-advantage	No proposed FX				Extra damage on a swing that has its own FX.
effect:shard-hardened-natural-armor	No proposed FX				House scope: a bonus to AC — no moment to play.
feature:necrofire-reach	Close match	spell:burning-hands	jb2a.fire_jet.green	psfx.impacts.magicaleffects.necrotic	House scope: Morgash's necrotic fire reaches out.	Sure	Likely	0
effect:spell-changes	No proposed FX				House scope: a spell's modifiers — the spell has its own FX.
item:copyists-ledger-leaf	No proposed FX				House scope: set dressing — nothing to play.
item:everseed-acorn	No proposed FX				House scope: a keepsake with no rules of its own.
item:singe-marked-childs-mitten	No proposed FX				House scope: set dressing — nothing to play.
item:the-bolt-that-missed-its-grave	No proposed FX				House scope: set dressing — nothing to play.
effect:the-duskheart	Close match	effect:shining	jb2a.markers.light.complete.purple	psfx.magic-signs.rune.v1.evocation.intro	House scope: the Duskheart is awake.	Likely	Likely	8
effect:vesper-staff	Close match	effect:heated-metal	jb2a.markers.runes.blue.03	psfx.magic-signs.rune.v1.evocation.intro	House scope: the Vesper Staff is charged. Its swing is already a house FX.	Maybe	Maybe	3
feature:legendary-actions	No proposed FX				A pool of actions — each has its own record.
item:the-duskheart	Close match	effect:shining	jb2a.markers.light.complete.purple	psfx.magic-signs.rune.v1.evocation.intro	House scope: the Duskheart is used.	Likely	Likely	8
weapon:first-light	Close match	weapon:longsword	jb2a.sword.melee.fire.yellow	psfx.class-features.divine-smite.v1.001.caster	House scope: First Light. It already plays as an Item Hook in house.json; this key would give it a named FX as well.	Sure	Likely	1
item:chaunteas-barley-token	No proposed FX				House scope: a keepsake with no rules of its own.
item:trail-worn-map-journal	No proposed FX				House scope: set dressing — nothing to play.
item:wren-bone-whistle	No proposed FX				House scope: a keepsake with no rules of its own.
effect:the-graveheart	Close match	effect:shining	jb2a.markers.light.complete.red	psfx.impacts.magicaleffects.necrotic	House scope: the Graveheart is awake.	Likely	Likely	8
effect:unstoppable-drive	Close match	effect:hasted	jb2a.token_border.circle.static.orange.004	psfx.impacts.bludgeoning.v1	House scope: the Maul of Momentum is rolling.	Likely	Maybe	2
item:astral-steel-buckle	No proposed FX				House scope: a keepsake with no rules of its own.
item:campaign-coin--the-battle-of-baldurs-gate	No proposed FX				House scope: a keepsake with no rules of its own.
item:flaming-fist-service-badge	No proposed FX				House scope: a keepsake with no rules of its own.
item:hespers-bone-key	No proposed FX				House scope: a keepsake with no rules of its own.
item:small-cask-of-southern-wine	No proposed FX				House scope: trade goods — nothing to play.
item:the-graveheart	Close match	effect:shining	jb2a.markers.light.complete.red	psfx.impacts.magicaleffects.necrotic	House scope: the Graveheart is used.	Likely	Likely	8
item:bolt-of-fine-cloth	No proposed FX				House scope: trade goods — nothing to play.
item:pouch-of-cut-gems	No proposed FX				House scope: treasure — nothing to play.
effect:bloodied	No proposed FX				House scope: a hit-point threshold — no moment to play.
effect:the-tideheart	Close match	effect:shining	jb2a.markers.light.complete.blue	psfx.casting.water.001	House scope: the Tideheart is awake.	Likely	Sure	8
item:bag-of-emberspice-chai	No proposed FX				House scope: trade goods — nothing to play.
item:bag-of-fen-orchid-oolong	No proposed FX				House scope: trade goods — nothing to play.
item:bag-of-golden-needle-tea	No proposed FX				House scope: trade goods — nothing to play.
item:bag-of-moonpetal-white-tea	No proposed FX				House scope: trade goods — nothing to play.
item:bag-of-smoked-ashenleaf-tea	No proposed FX				House scope: trade goods — nothing to play.
item:bolt-of-water-stained-silk	No proposed FX				House scope: trade goods — nothing to play.
item:carved-whalebone-comb-set	No proposed FX				House scope: a keepsake with no rules of its own.
item:everbloom-petal	No proposed FX				House scope: a keepsake with no rules of its own.
item:fey-ring-cap	No proposed FX				House scope: a keepsake with no rules of its own.
item:gilt-framed-portrait-of-a-stern-merchant	No proposed FX				House scope: set dressing — nothing to play.
item:jar-of-mourners-teeth	No proposed FX				House scope: set dressing — nothing to play.
item:jar-of-widows-tears	No proposed FX				House scope: set dressing — nothing to play.
item:jar-a-mothers-little-finger	No proposed FX				House scope: set dressing — nothing to play.
item:kestrel-company-locket	No proposed FX				House scope: a keepsake with no rules of its own.
item:marns-unsent-letter	No proposed FX				House scope: set dressing — nothing to play.
item:oil-painting-sunlit-wetlands	No proposed FX				House scope: set dressing — nothing to play.
item:oil-painting-three-ladies-at-tea	No proposed FX				House scope: set dressing — nothing to play.
item:ornate-teacup-black-and-silver	No proposed FX				House scope: set dressing — nothing to play.
item:ornate-teacup-bone-porcelain	No proposed FX				House scope: set dressing — nothing to play.
item:ornate-teacup-sea-glass-green	No proposed FX				House scope: set dressing — nothing to play.
item:riverside-teahouse-keepsake	No proposed FX				House scope: a keepsake with no rules of its own.
item:roll-of-embroidered-tapestry	No proposed FX				House scope: trade goods — nothing to play.
item:sheaf-of-charcoal-sketches	No proposed FX				House scope: set dressing — nothing to play.
item:small-dragon-bones-wired	No proposed FX				House scope: set dressing — nothing to play.
item:tarnished-silver-tea-service	No proposed FX				House scope: set dressing — nothing to play.
item:the-tideheart	Close match	effect:shining	jb2a.impact.water.02.blue	psfx.casting.water.001	House scope: the Tideheart is used.	Likely	Sure	0
item:the-widows-ledger	No proposed FX				House scope: set dressing — nothing to play.
item:a-dose-of-greenrest-tonic	Close match	spell:cure-wounds	jb2a.healing_generic.200px.green	psfx.consumables.potions-vials.drink-liquid.001	House scope: the tonic is drunk.	Sure	Sure	0
item:holy-symbol-of-oghma	No proposed FX				House scope: a spellcasting focus. The spell it helps cast is its own FX.
item:pocket-psalter	No proposed FX				House scope: set dressing — nothing to play.
item:scriveners-seal-ring	No proposed FX				House scope: a keepsake with no rules of its own.
item:silver-gauntlet-vault-key	No proposed FX				House scope: a keepsake with no rules of its own.
item:silverpoint-quill	No proposed FX				House scope: a keepsake with no rules of its own.
